timestamp,load_1_p,load_1_q,pv_1_p,pv_1_q,load_2_p,load_2_q,pv_2_p,pv_2_q,load_3_p,load_3_q,pv_3_p,pv_3_q,load_4_p,load_4_q,pv_4_p,pv_4_q,load_5_p,load_5_q,pv_5_p,pv_5_q
0,0.15630538030764868,0.06125894812886547,-0.0,-0.0,0.3602825745682888,0.14120135534536624,-0.0,-0.0,0.2720087815587267,0.10660523526000817,-0.0,-0.0,0.07692794732176778,0.03014947486368557,-0.0,-0.0,0.1263712154453708,0.04952719936263662,-0.0,-0.0
1,0.3936343659176295,0.154272534675551,-0.0,-0.0,0.3602825745682888,0.14120135534536624,-0.0,-0.0,1.9396267837541163,0.7601753458613173,-0.0,-0.0,0.07692794732176778,0.03014947486368557,-0.0,-0.0,0.1263712154453708,0.04952719936263662,-0.0,-0.0
2,0.7049691642447012,0.276290357887332,-0.0,-0.0,0.3602825745682888,0.14120135534536624,-0.0,-0.0,1.0241492864983535,0.4013829075770283,-0.0,-0.0,0.07692794732176778,0.03014947486368557,-0.0,-0.0,0.1263712154453708,0.04952719936263662,-0.0,-0.0
3,0.7815269015382434,0.3062947406443273,-0.0,-0.0,0.3602825745682888,0.14120135534536624,-0.0,-0.0,1.3666300768386388,0.5356074168632371,-0.0,-0.0,0.07692794732176778,0.03014947486368557,-0.0,-0.0,0.1263712154453708,0.04952719936263662,-0.0,-0.0
4,0.7815269015382434,0.3062947406443273,-0.0,-0.0,0.3602825745682888,0.14120135534536624,-0.0,-0.0,1.4166849615806807,0.5552248451435292,-0.0,-0.0,0.07692794732176778,0.03014947486368557,-0.0,-0.0,0.1263712154453708,0.04952719936263662,-0.0,-0.0
5,0.7815269015382434,0.3062947406443273,-0.0,-0.0,0.3602825745682888,0.14120135534536624,-0.0,-0.0,1.129527991218441,0.4426827565881694,-0.0,-0.0,0.07692794732176778,0.03014947486368557,-0.0,-0.0,0.1263712154453708,0.04952719936263662,-0.0,-0.0
6,0.8325653930672716,0.3262976624823242,-0.0,-0.0,0.3602825745682888,0.14120135534536624,-0.0,-0.0,1.2612513721185508,0.49430756785209584,-0.0,-0.0,0.07692794732176778,0.03014947486368557,-0.0,-0.0,0.1263712154453708,0.04952719936263662,-0.0,-0.0
7,0.7859927695470333,0.30804499630515203,-0.0,-0.0,0.3602825745682888,0.14120135534536624,-0.0,-0.0,1.2763995609220635,0.5002444211474475,-0.0,-0.0,0.07692794732176778,0.03014947486368557,-0.0,-0.0,0.1263712154453708,0.04952719936263662,-0.0,-0.0
8,1.0080102076983057,0.3950577063004385,-0.0,-0.0,0.3602825745682888,0.14120135534536624,-0.0,-0.0,2.345993413830955,0.9194378886105303,-0.0,-0.0,0.07692794732176778,0.03014947486368557,-0.0,-0.0,0.42650285212812644,0.1671542978488986,-0.0,-0.0
9,1.0462890763450767,0.41005989767893614,-0.0,-0.0,0.3602825745682888,0.14120135534536624,-0.0,-0.0,1.6136114160263446,0.6324039379830992,-0.0,-0.0,0.07692794732176778,0.03014947486368557,-0.0,-0.0,0.8767003071522598,0.3435949455782915,-0.0,-0.0
10,1.0080102076983057,0.3950577063004385,-0.0,-0.0,0.3602825745682888,0.14120135534536624,-0.0,-0.0,0.17453347969264543,0.06840287492470257,-0.0,-0.0,0.07692794732176778,0.03014947486368557,-0.0,-0.0,0.8767003071522598,0.3435949455782915,-0.0,-0.0
11,0.9831289430779044,0.38530628190441496,-0.0,-0.0,0.3602825745682888,0.14120135534536624,-0.0,-0.0,0.17453347969264543,0.06840287492470257,-0.0,-0.0,0.07692794732176778,0.03014947486368557,-0.0,-0.0,0.8767003071522598,0.3435949455782915,-0.0,-0.0
12,0.15630538030764868,0.06125894812886547,-0.0,-0.0,0.3602825745682888,0.14120135534536624,-0.0,-0.0,0.17453347969264543,0.06840287492470257,-0.0,-0.0,0.07692794732176778,0.03014947486368557,-0.0,-0.0,0.8767003071522598,0.3435949455782915,-0.0,-0.0
13,0.15630538030764868,0.06125894812886547,-0.0,-0.0,0.3602825745682888,0.14120135534536624,-0.0,-0.0,0.17453347969264543,0.06840287492470257,-0.0,-0.0,0.07692794732176778,0.03014947486368557,-0.0,-0.0,0.1263712154453708,0.04952719936263662,-0.0,-0.0
14,0.15630538030764868,0.06125894812886547,-0.0,-0.0,0.3602825745682888,0.14120135534536624,-0.0,-0.0,0.17453347969264543,0.06840287492470257,-0.0,-0.0,0.07692794732176778,0.03014947486368557,-0.0,-0.0,0.1263712154453708,0.04952719936263662,-0.0,-0.0
15,0.15630538030764868,0.06125894812886547,-0.0,-0.0,0.3602825745682888,0.14120135534536624,-0.0,-0.0,0.17453347969264543,0.06840287492470257,-0.0,-0.0,0.07692794732176778,0.03014947486368557,-0.0,-0.0,0.1263712154453708,0.04952719936263662,-0.0,-0.0
16,0.15630538030764868,0.06125894812886547,-0.0,-0.0,0.3602825745682888,0.14120135534536624,-0.0,-0.0,0.17453347969264543,0.06840287492470257,-0.0,-0.0,0.07692794732176778,0.03014947486368557,-0.0,-0.0,0.4083369899078544,0.16003476294051958,-0.0,-0.0
17,0.15630538030764868,0.06125894812886547,-0.0,-0.0,0.3602825745682888,0.14120135534536624,-0.0,-0.0,0.17453347969264543,0.06840287492470257,-0.0,-0.0,0.07692794732176778,0.03014947486368557,-0.0,-0.0,0.5963141728828434,0.23370647199244152,-0.0,-0.0
18,0.15630538030764868,0.06125894812886547,-0.0,-0.0,0.3602825745682888,0.14120135534536624,-0.0,-0.0,0.17453347969264543,0.06840287492470257,-0.0,-0.0,0.07692794732176778,0.03014947486368557,-0.0,-0.0,0.5963141728828434,0.23370647199244152,-0.0,-0.0
19,0.7304884100092153,0.2862918188063304,-0.0,-0.0,0.3602825745682888,0.14120135534536624,-0.0,-0.0,0.17453347969264543,0.06840287492470257,-0.0,-0.0,0.07692794732176778,0.03014947486368557,-0.0,-0.0,0.5963141728828434,0.23370647199244152,-0.0,-0.0
20,0.8383072233642871,0.32854799118909883,-0.0,-0.0,0.3602825745682888,0.14120135534536624,-0.0,-0.0,0.17453347969264543,0.06840287492470257,-0.0,-0.0,0.2495884513106243,0.09781829622440205,-0.0,-0.0,0.1263712154453708,0.04952719936263662,-0.0,-0.0
21,1.269582476784575,0.4975726807201725,-0.0,-0.0,0.3602825745682888,0.14120135534536624,-0.0,-0.0,0.17453347969264543,0.06840287492470257,-0.0,-0.0,0.364695453969862,0.14293084379821305,-0.0,-0.0,0.1263712154453708,0.04952719936263662,-0.0,-0.0
22,1.269582476784575,0.4975726807201725,-0.0,-0.0,0.3602825745682888,0.14120135534536624,-0.0,-0.0,0.30428100987925355,0.11925331401967014,-0.0,-0.0,0.364695453969862,0.14293084379821305,-0.0,-0.0,0.1263712154453708,0.04952719936263662,-0.0,-0.0
23,0.925072658963635,0.36255295831369355,-0.0,-0.0,0.3602825745682888,0.14120135534536624,-0.0,-0.0,0.823271130625686,0.32265507039954044,-0.0,-0.0,0.13448144865138661,0.052705748650591064,-0.0,-0.0,0.1263712154453708,0.04952719936263662,-0.0,-0.0
24,0.5875806337279365,0.23028363765993914,-0.0,-0.0,0.3602825745682888,0.14120135534536624,-0.0,-0.0,0.823271130625686,0.32265507039954044,-0.0,-0.0,0.07692794732176778,0.03014947486368557,-0.0,-0.0,0.1263712154453708,0.04952719936263662,-0.0,-0.0
25,0.15630538030764868,0.06125894812886547,-0.0,-0.0,0.3602825745682888,0.14120135534536624,-0.0,-0.0,0.823271130625686,0.32265507039954044,-0.0,-0.0,0.07692794732176778,0.03014947486368557,-0.0,-0.0,0.1263712154453708,0.04952719936263662,-0.0,-0.0
26,0.15630538030764868,0.06125894812886547,-0.0,-0.0,0.3602825745682888,0.14120135534536624,-0.0,-0.0,0.823271130625686,0.32265507039954044,-0.0,-0.0,0.07692794732176778,0.03014947486368557,-0.0,-0.0,0.1263712154453708,0.04952719936263662,-0.0,-0.0
27,0.15630538030764868,0.06125894812886547,-0.0,-0.0,0.3602825745682888,0.14120135534536624,-0.0,-0.0,0.30428100987925355,0.11925331401967014,-0.0,-0.0,0.07692794732176778,0.03014947486368557,-0.0,-0.0,0.1263712154453708,0.04952719936263662,-0.0,-0.0
28,0.15630538030764868,0.06125894812886547,-0.0,-0.0,0.3602825745682888,0.14120135534536624,-0.0,-0.0,0.17453347969264543,0.06840287492470257,-0.0,-0.0,0.07692794732176778,0.03014947486368557,-0.0,-0.0,0.1263712154453708,0.04952719936263662,-0.0,-0.0
29,0.15630538030764868,0.06125894812886547,-0.0,-0.0,0.3602825745682888,0.14120135534536624,-0.0,-0.0,0.17453347969264543,0.06840287492470257,-0.0,-0.0,0.07692794732176778,0.03014947486368557,-0.0,-0.0,0.5765686704695041,0.22596784709202952,-0.0,-0.0
30,0.15630538030764868,0.06125894812886547,-0.0,-0.0,0.3602825745682888,0.14120135534536624,-0.0,-0.0,0.17453347969264543,0.06840287492470257,-0.0,-0.0,0.07692794732176778,0.03014947486368557,-0.0,-0.0,0.8767003071522598,0.3435949455782915,-0.0,-0.0
31,0.15630538030764868,0.06125894812886547,-0.0,-0.0,0.3602825745682888,0.14120135534536624,-0.0,-0.0,0.17453347969264543,0.06840287492470257,-0.0,-0.0,0.07692794732176778,0.03014947486368557,-0.0,-0.0,0.8767003071522598,0.3435949455782915,-0.0,-0.0
32,0.15630538030764868,0.06125894812886547,-0.0,-0.0,0.3602825745682888,0.14120135534536624,-0.0,-0.0,0.17453347969264543,0.06840287492470257,-0.0,-0.0,0.07692794732176778,0.03014947486368557,-0.0,-0.0,0.8767003071522598,0.3435949455782915,-0.0,-0.0
33,0.271141986247962,0.10626552226435845,-0.0,-0.0,0.3602825745682888,0.14120135534536624,-0.0,-0.0,0.17453347969264543,0.06840287492470257,-0.0,-0.0,0.07692794732176778,0.03014947486368557,-0.0,-0.0,0.726634488810882,0.28478139633516053,-0.0,-0.0
34,0.7304884100092153,0.2862918188063304,-0.0,-0.0,0.3602825745682888,0.14120135534536624,-0.0,-0.0,0.17453347969264543,0.06840287492470257,-0.0,-0.0,0.13448144865138661,0.052705748650591064,-0.0,-0.0,0.1263712154453708,0.04952719936263662,-0.0,-0.0
35,0.7304884100092153,0.2862918188063304,-0.0,-0.0,0.3602825745682888,0.14120135534536624,-0.0,-0.0,0.17453347969264543,0.06840287492470257,-0.0,-0.0,0.364695453969862,0.14293084379821305,-0.0,-0.0,0.1263712154453708,0.04952719936263662,-0.0,-0.0
36,0.7304884100092153,0.2862918188063304,-0.0,-0.0,0.3602825745682888,0.14120135534536624,-0.0,-0.0,0.17453347969264543,0.06840287492470257,-0.0,-0.0,0.364695453969862,0.14293084379821305,-0.0,-0.0,0.1263712154453708,0.04952719936263662,-0.0,-0.0
37,0.7304884100092153,0.2862918188063304,-0.0,-0.0,0.3602825745682888,0.14120135534536624,-0.0,-0.0,0.17453347969264543,0.06840287492470257,-0.0,-0.0,0.2495884513106243,0.09781829622440205,-0.0,-0.0,0.1263712154453708,0.04952719936263662,-0.0,-0.0
38,0.271141986247962,0.10626552226435845,-0.0,-0.0,0.3602825745682888,0.14120135534536624,-0.0,-0.0,0.17453347969264543,0.06840287492470257,-0.0,-0.0,0.07692794732176778,0.03014947486368557,-0.0,-0.0,0.1263712154453708,0.04952719936263662,-0.0,-0.0
39,0.15630538030764868,0.06125894812886547,-0.0,-0.0,0.3602825745682888,0.14120135534536624,-0.0,-0.0,0.17453347969264543,0.06840287492470257,-0.0,-0.0,0.07692794732176778,0.03014947486368557,-0.0,-0.0,0.1263712154453708,0.04952719936263662,-0.0,-0.0
40,0.15630538030764868,0.06125894812886547,-0.0,-0.0,0.3602825745682888,0.14120135534536624,-0.0,-0.0,0.43402854006586167,0.1701037531146377,-0.0,-0.0,0.07692794732176778,0.03014947486368557,-0.0,-0.0,0.4083369899078544,0.16003476294051958,-0.0,-0.0
41,0.15630538030764868,0.06125894812886547,-0.0,-0.0,0.3602825745682888,0.14120135534536624,-0.0,-0.0,0.823271130625686,0.32265507039954044,-0.0,-0.0,0.07692794732176778,0.03014947486368557,-0.0,-0.0,0.5963141728828434,0.23370647199244152,-0.0,-0.0
42,0.15630538030764868,0.06125894812886547,-0.0,-0.0,0.3602825745682888,0.14120135534536624,-0.0,-0.0,0.823271130625686,0.32265507039954044,-0.0,-0.0,0.07692794732176778,0.03014947486368557,-0.0,-0.0,0.5963141728828434,0.23370647199244152,-0.0,-0.0
43,0.15630538030764868,0.06125894812886547,-0.0,-0.0,0.3602825745682888,0.14120135534536624,-0.0,-0.0,0.823271130625686,0.32265507039954044,-0.0,-0.0,0.07692794732176778,0.03014947486368557,-0.0,-0.0,0.5963141728828434,0.23370647199244152,-0.0,-0.0
44,0.2641241936627206,0.10351512051163388,-0.0,-0.0,0.3602825745682888,0.14120135534536624,-0.0,-0.0,0.823271130625686,0.32265507039954044,-0.0,-0.0,0.07692794732176778,0.03014947486368557,-0.0,-0.0,0.1263712154453708,0.04952719936263662,-0.0,-0.0
45,0.6953994470830084,0.27253981004270755,-0.008926829268292682,-0.0,0.3602825745682888,0.14120135534536624,-0.008926829268292682,-0.0,0.17453347969264543,0.06840287492470257,-0.008926829268292682,-0.0,0.07692794732176778,0.03014947486368557,-0.008926829268292682,-0.0,0.8767003071522598,0.3435949455782915,-0.008926829268292682,-0.0
46,0.6953994470830084,0.27253981004270755,-0.03525950455327007,-0.0,0.3602825745682888,0.14120135534536624,-0.03525950455327007,-0.0,0.17453347969264543,0.06840287492470257,-0.03525950455327007,-0.0,0.07692794732176778,0.03014947486368557,-0.03525950455327007,-0.0,0.8767003071522598,0.3435949455782915,-0.03525950455327007,-0.0
47,0.925072658963635,0.36255295831369355,-0.09614978029675858,-0.0,0.3602825745682888,0.14120135534536624,-0.09614978029675858,-0.0,0.17453347969264543,0.06840287492470257,-0.09614978029675858,-0.0,0.07692794732176778,0.03014947486368557,-0.09614978029675858,-0.0,0.8767003071522598,0.3435949455782915,-0.09614978029675858,-0.0
48,1.161763663429503,0.4553165083374041,-0.21076227472457493,-0.0,0.3602825745682888,0.14120135534536624,-0.21076227472457493,-0.0,0.17453347969264543,0.06840287492470257,-0.21076227472457493,-0.0,0.07692794732176778,0.03014947486368557,-0.21076227472457493,-0.0,0.8767003071522598,0.3435949455782915,-0.21076227472457493,-0.0
49,0.7304884100092153,0.2862918188063304,-0.30009552314844296,-0.0,0.3602825745682888,0.14120135534536624,-0.30009552314844296,-0.0,0.17453347969264543,0.06840287492470257,-0.30009552314844296,-0.0,0.2495884513106243,0.09781829622440205,-0.30009552314844296,-0.0,0.42650285212812644,0.1671542978488986,-0.30009552314844296,-0.0
50,0.7304884100092153,0.2862918188063304,-0.3023880787110743,-0.0,0.3602825745682888,0.14120135534536624,-0.3023880787110743,-0.0,0.17453347969264543,0.06840287492470257,-0.3023880787110743,-0.0,0.364695453969862,0.14293084379821305,-0.3023880787110743,-0.0,0.1263712154453708,0.04952719936263662,-0.3023880787110743,-0.0
51,0.7304884100092153,0.2862918188063304,-0.28570973699293134,-0.0,0.3602825745682888,0.14120135534536624,-0.28570973699293134,-0.0,0.17453347969264543,0.06840287492470257,-0.28570973699293134,-0.0,0.364695453969862,0.14293084379821305,-0.28570973699293134,-0.0,0.1263712154453708,0.04952719936263662,-0.28570973699293134,-0.0
52,0.15630538030764868,0.06125894812886547,-0.30338151945488123,-0.0,0.3602825745682888,0.14120135534536624,-0.30338151945488123,-0.0,0.17453347969264543,0.06840287492470257,-0.30338151945488123,-0.0,0.13448144865138661,0.052705748650591064,-0.30338151945488123,-0.0,0.1263712154453708,0.04952719936263662,-0.30338151945488123,-0.0
53,0.15630538030764868,0.06125894812886547,-0.4009870725339107,-0.0,0.3602825745682888,0.14120135534536624,-0.4009870725339107,-0.0,0.17453347969264543,0.06840287492470257,-0.4009870725339107,-0.0,0.07692794732176778,0.03014947486368557,-0.4009870725339107,-0.0,0.5963141728828434,0.23370647199244152,-0.4009870725339107,-0.0
54,0.15630538030764868,0.06125894812886547,-0.5506145322549831,-0.0,0.3602825745682888,0.14120135534536624,-0.5506145322549831,-0.0,0.30428100987925355,0.11925331401967014,-0.5506145322549831,-0.0,0.07692794732176778,0.03014947486368557,-0.5506145322549831,-0.0,0.5963141728828434,0.23370647199244152,-0.5506145322549831,-0.0
55,0.15630538030764868,0.06125894812886547,-0.63303190473158,-0.0,0.3602825745682888,0.14120135534536624,-0.63303190473158,-0.0,0.823271130625686,0.32265507039954044,-0.63303190473158,-0.0,0.07692794732176778,0.03014947486368557,-0.63303190473158,-0.0,0.5963141728828434,0.23370647199244152,-0.63303190473158,-0.0
56,0.15630538030764868,0.06125894812886547,-0.6732853594854487,-0.0,0.3602825745682888,0.14120135534536624,-0.6732853594854487,-0.0,0.823271130625686,0.32265507039954044,-0.6732853594854487,-0.0,0.07692794732176778,0.03014947486368557,-0.6732853594854487,-0.0,0.4083369899078544,0.16003476294051958,-0.6732853594854487,-0.0
57,0.2641241936627206,0.10351512051163388,-0.7520346430618353,-0.0,0.3602825745682888,0.14120135534536624,-0.7520346430618353,-0.0,0.823271130625686,0.32265507039954044,-0.7520346430618353,-0.0,0.07692794732176778,0.03014947486368557,-0.7520346430618353,-0.0,0.1263712154453708,0.04952719936263662,-0.7520346430618353,-0.0
58,0.6953994470830084,0.27253981004270755,-0.8418837164872955,-0.0,0.3602825745682888,0.14120135534536624,-0.8418837164872955,-0.0,0.823271130625686,0.32265507039954044,-0.8418837164872955,-0.0,0.07692794732176778,0.03014947486368557,-0.8418837164872955,-0.0,0.1263712154453708,0.04952719936263662,-0.8418837164872955,-0.0
59,0.6953994470830084,0.27253981004270755,-0.9117111379991084,-0.0,0.3602825745682888,0.14120135534536624,-0.9117111379991084,-0.0,0.30428100987925355,0.11925331401967014,-0.9117111379991084,-0.0,0.07692794732176778,0.03014947486368557,-0.9117111379991084,-0.0,0.1263712154453708,0.04952719936263662,-0.9117111379991084,-0.0
60,0.6953994470830084,0.27253981004270755,-0.9699611539196331,-0.0,0.3602825745682888,0.14120135534536624,-0.9699611539196331,-0.0,0.17453347969264543,0.06840287492470257,-0.9699611539196331,-0.0,0.07692794732176778,0.03014947486368557,-0.9699611539196331,-0.0,0.1263712154453708,0.04952719936263662,-0.9699611539196331,-0.0
61,0.817253845608563,0.3202967859309251,-1.0381073680188497,-0.0,0.3602825745682888,0.14120135534536624,-1.0381073680188497,-0.0,0.17453347969264543,0.06840287492470257,-1.0381073680188497,-0.0,0.07692794732176778,0.03014947486368557,-1.0381073680188497,-0.0,0.1263712154453708,0.04952719936263662,-1.0381073680188497,-0.0
62,0.7304884100092153,0.2862918188063304,-1.134604852575941,-0.0,0.3602825745682888,0.14120135534536624,-1.134604852575941,-0.0,0.17453347969264543,0.06840287492470257,-1.134604852575941,-0.0,0.07692794732176778,0.03014947486368557,-1.134604852575941,-0.0,0.1263712154453708,0.04952719936263662,-1.134604852575941,-0.0
63,0.7304884100092153,0.2862918188063304,-1.2632936381583137,-0.0,0.3602825745682888,0.14120135534536624,-1.2632936381583137,-0.0,0.17453347969264543,0.06840287492470257,-1.2632936381583137,-0.0,0.07692794732176778,0.03014947486368557,-1.2632936381583137,-0.0,0.1263712154453708,0.04952719936263662,-1.2632936381583137,-0.0
64,0.7304884100092153,0.2862918188063304,-1.4356556072088136,-0.0,0.3602825745682888,0.14120135534536624,-1.4356556072088136,-0.0,0.17453347969264543,0.06840287492470257,-1.4356556072088136,-0.0,0.07692794732176778,0.03014947486368557,-1.4356556072088136,-0.0,0.1263712154453708,0.04952719936263662,-1.4356556072088136,-0.0
65,0.7304884100092153,0.2862918188063304,-1.9419856078456346,-0.0,0.3602825745682888,0.14120135534536624,-1.9419856078456346,-0.0,0.17453347969264543,0.06840287492470257,-1.9419856078456346,-0.0,0.07692794732176778,0.03014947486368557,-1.9419856078456346,-0.0,0.8024572180781044,0.3144977159527425,-1.9419856078456346,-0.0
66,0.15630538030764868,0.06125894812886547,-2.765204101127173,-0.0,0.3602825745682888,0.14120135534536624,-2.765204101127173,-0.0,0.17453347969264543,0.06840287492470257,-2.765204101127173,-0.0,0.13448144865138661,0.052705748650591064,-2.765204101127173,-0.0,1.3466432645897326,0.5277742182080964,-2.765204101127173,-0.0
67,0.15630538030764868,0.06125894812886547,-3.099535120677577,-0.0,0.3602825745682888,0.14120135534536624,-3.099535120677577,-0.0,0.17453347969264543,0.06840287492470257,-3.099535120677577,-0.0,0.364695453969862,0.14293084379821305,-3.099535120677577,-0.0,1.3466432645897326,0.5277742182080964,-3.099535120677577,-0.0
68,0.15630538030764868,0.06125894812886547,-2.63108960071324,-0.0,0.3602825745682888,0.14120135534536624,-2.63108960071324,-0.0,0.5637760702524698,0.22095419220960527,-2.63108960071324,-0.0,0.364695453969862,0.14293084379821305,-2.63108960071324,-0.0,1.2526546731022379,0.49093836368213545,-2.63108960071324,-0.0
69,0.15630538030764868,0.06125894812886547,-3.1312488059606443,-0.0,0.3602825745682888,0.14120135534536624,-3.1312488059606443,-0.0,0.823271130625686,0.32265507039954044,-3.1312488059606443,-0.0,0.2495884513106243,0.09781829622440205,-3.1312488059606443,-0.0,0.8767003071522598,0.3435949455782915,-3.1312488059606443,-0.0
70,0.15630538030764868,0.06125894812886547,-3.5217474367955166,-0.0,0.3602825745682888,0.14120135534536624,-3.5217474367955166,-0.0,0.823271130625686,0.32265507039954044,-3.5217474367955166,-0.0,0.07692794732176778,0.03014947486368557,-3.5217474367955166,-0.0,0.1263712154453708,0.04952719936263662,-3.5217474367955166,-0.0
71,0.6953994470830084,0.27253981004270755,-3.837355919251098,-0.0,0.3602825745682888,0.14120135534536624,-3.837355919251098,-0.0,0.823271130625686,0.32265507039954044,-3.837355919251098,-0.0,0.07692794732176778,0.03014947486368557,-3.837355919251098,-0.0,0.1263712154453708,0.04952719936263662,-3.837355919251098,-0.0
72,0.6953994470830084,0.27253981004270755,-5.826912055021333,-0.0,0.3602825745682888,0.14120135534536624,-5.826912055021333,-0.0,0.6935236004390779,0.27180463130457283,-5.826912055021333,-0.0,0.07692794732176778,0.03014947486368557,-5.826912055021333,-0.0,0.18560772268538833,0.07274307406387252,-5.826912055021333,-0.0
73,0.6953994470830084,0.27253981004270755,-6.408074890148379,-0.0,0.3602825745682888,0.14120135534536624,-6.408074890148379,-0.0,0.17453347969264543,0.06840287492470257,-6.408074890148379,-0.0,0.07692794732176778,0.03014947486368557,-6.408074890148379,-0.0,0.42255375164545855,0.16560657286881617,-6.408074890148379,-0.0
74,0.6953994470830084,0.27253981004270755,-9.68967713175826,-0.0,0.3602825745682888,0.14120135534536624,-9.68967713175826,-0.0,0.17453347969264543,0.06840287492470257,-9.68967713175826,-0.0,0.07692794732176778,0.03014947486368557,-9.68967713175826,-0.0,0.1263712154453708,0.04952719936263662,-9.68967713175826,-0.0
75,0.615651804068902,0.24128524467083745,-7.812265172260077,-0.0,0.3602825745682888,0.14120135534536624,-7.812265172260077,-0.0,0.17453347969264543,0.06840287492470257,-7.812265172260077,-0.0,0.07692794732176778,0.03014947486368557,-7.812265172260077,-0.0,0.1263712154453708,0.04952719936263662,-7.812265172260077,-0.0
76,0.7304884100092153,0.2862918188063304,-7.486149143475768,-0.0,0.3602825745682888,0.14120135534536624,-7.486149143475768,-0.0,0.17453347969264543,0.06840287492470257,-7.486149143475768,-0.0,0.07692794732176778,0.03014947486368557,-7.486149143475768,-0.0,0.1263712154453708,0.04952719936263662,-7.486149143475768,-0.0
77,0.7304884100092153,0.2862918188063304,-8.089091256447814,-0.0,0.3602825745682888,0.14120135534536624,-8.089091256447814,-0.0,0.17453347969264543,0.06840287492470257,-8.089091256447814,-0.0,0.07692794732176778,0.03014947486368557,-8.089091256447814,-0.0,0.1263712154453708,0.04952719936263662,-8.089091256447814,-0.0
78,0.7304884100092153,0.2862918188063304,-6.585747946252308,-0.0,0.3602825745682888,0.14120135534536624,-6.585747946252308,-0.0,0.17453347969264543,0.06840287492470257,-6.585747946252308,-0.0,0.14872736482208437,0.05828898473645877,-6.585747946252308,-0.0,0.1263712154453708,0.04952719936263662,-6.585747946252308,-0.0
79,0.5008151981285887,0.19627867053534445,-7.181621346239571,-0.0,0.3602825745682888,0.14120135534536624,-7.181621346239571,-0.0,0.17453347969264543,0.06840287492470257,-7.181621346239571,-0.0,0.30201342281879195,0.11836460502039517,-7.181621346239571,-0.0,0.1263712154453708,0.04952719936263662,-7.181621346239571,-0.0
80,0.15630538030764868,0.06125894812886547,-9.504553270075782,-0.0,0.3602825745682888,0.14120135534536624,-9.504553270075782,-0.0,0.17453347969264543,0.06840287492470257,-9.504553270075782,-0.0,0.13448144865138661,0.052705748650591064,-9.504553270075782,-0.0,0.1263712154453708,0.04952719936263662,-9.504553270075782,-0.0
81,0.15630538030764868,0.06125894812886547,-9.067630389097625,-0.0,0.3602825745682888,0.14120135534536624,-9.067630389097625,-0.0,0.17453347969264543,0.06840287492470257,-9.067630389097625,-0.0,0.364695453969862,0.14293084379821305,-9.067630389097625,-0.0,0.1263712154453708,0.04952719936263662,-9.067630389097625,-0.0
82,0.15630538030764868,0.06125894812886547,-7.25899509647838,-0.0,0.3602825745682888,0.14120135534536624,-7.25899509647838,-0.0,0.43402854006586167,0.1701037531146377,-7.25899509647838,-0.0,0.364695453969862,0.14293084379821305,-7.25899509647838,-0.0,0.1263712154453708,0.04952719936263662,-7.25899509647838,-0.0
83,0.5875806337279365,0.23028363765993914,-9.729223715213655,-0.0,0.3602825745682888,0.14120135534536624,-9.729223715213655,-0.0,0.823271130625686,0.32265507039954044,-9.729223715213655,-0.0,0.2495884513106243,0.09781829622440205,-9.729223715213655,-0.0,0.1263712154453708,0.04952719936263662,-9.729223715213655,-0.0
84,0.6953994470830084,0.27253981004270755,-11.501369165127683,-0.0,1.1232339089481946,0.44021599019437707,-11.501369165127683,-0.0,1.3336992316136116,0.5227012140472556,-11.501369165127683,-0.0,0.07692794732176778,0.03014947486368557,-11.501369165127683,-0.0,0.2203598069328653,0.0863630538885976,-11.501369165127683,-0.0
85,0.6953994470830084,0.27253981004270755,-11.200089154938548,-0.0,1.15149136577708,0.451290606299896,-11.200089154938548,-0.0,1.2810098792535676,0.502051289541685,-11.200089154938548,-0.0,0.07692794732176778,0.03014947486368557,-11.200089154938548,-0.0,0.5963141728828434,0.23370647199244152,-11.200089154938548,-0.0
86,0.6953994470830084,0.27253981004270755,-13.070814494045722,-0.0,1.4086342229199371,0.5520696128601181,-13.070814494045722,-0.0,2.9683863885839736,1.1633651218325831,-13.070814494045722,-0.0,0.07692794732176778,0.03014947486368557,-13.070814494045722,-0.0,5.8541465555068015,2.2943475104741413,-13.070814494045722,-0.0
87,0.2641241936627206,0.10351512051163388,-14.304400433038273,-0.0,2.0627943485086337,0.808446975702881,-14.304400433038273,-0.0,2.434906695938529,0.9542846362136808,-14.304400433038273,-0.0,0.07692794732176778,0.03014947486368557,-14.304400433038273,-0.0,1.2676612549363757,0.4968197186064485,-14.304400433038273,-0.0
88,0.3859785921882753,0.15127209639985145,-15.035534611220784,-0.0,2.124960753532182,0.8328111311350228,-15.035534611220784,-0.0,2.0417124039517014,0.8001845745908602,-15.035534611220784,-0.0,0.07692794732176778,0.03014947486368557,-15.035534611220784,-0.0,1.1634050021939446,0.45595977913227326,-15.035534611220784,-0.0
89,0.7304884100092153,0.2862918188063304,-16.74100490352162,-0.0,2.140502354788069,0.8389021699930581,-16.74100490352162,-0.0,1.5675082327113063,0.6143352540407251,-16.74100490352162,-0.0,0.07692794732176778,0.03014947486368557,-16.74100490352162,-0.0,0.7661254936375602,0.3002586461359844,-16.74100490352162,-0.0
90,0.9537818104487134,0.3738046018475668,-16.286696809526845,-0.0,2.56436420722135,1.005021411575842,-16.286696809526845,-0.0,2.6818880351262346,1.0510811573335428,-16.286696809526845,-0.0,0.09687222996074461,0.037966005383900346,-16.286696809526845,-0.0,1.1215445370776655,0.43955389434339986,-16.286696809526845,-0.0
91,0.9824909619337916,0.38505624538144,-18.40138826975737,-0.0,2.846938775510204,1.1157675726310312,-18.40138826975737,-0.0,0.3424807903402854,0.13422450928620883,-18.40138826975737,-0.0,0.2564264910725592,0.10049824954561855,-18.40138826975737,-0.0,1.0346643264589732,0.40550394478158724,-18.40138826975737,-0.0
92,1.4258878570922235,0.5588316288490379,-14.411577405591286,-0.0,2.7904238618524335,1.0936183404199935,-14.411577405591286,-0.0,0.31613611416026344,0.12389954703342353,-14.411577405591286,-0.0,0.29631505635051286,0.1161313105860481,-14.411577405591286,-0.0,0.8767003071522598,0.3435949455782915,-14.411577405591286,-0.0
93,0.8517048273906571,0.33379875817157306,-5.790422212316118,-0.0,2.56436420722135,1.005021411575842,-5.790422212316118,-0.0,0.21075740944017565,0.08259969802228236,-5.790422212316118,-0.0,7.330093706470813,2.872798295622365,-5.790422212316118,-0.0,0.8767003071522598,0.3435949455782915,-5.790422212316118,-0.0
94,0.8517048273906571,0.33379875817157306,-14.796917786410239,-0.0,2.56436420722135,1.005021411575842,-14.796917786410239,-0.0,0.21075740944017565,0.08259969802228236,-14.796917786410239,-0.0,0.35386855768013176,0.13868758437295362,-14.796917786410239,-0.0,0.5765686704695041,0.22596784709202952,-14.796917786410239,-0.0
95,0.8517048273906571,0.33379875817157306,-16.504298541679933,-0.0,2.56436420722135,1.005021411575842,-16.504298541679933,-0.0,0.21075740944017565,0.08259969802228236,-16.504298541679933,-0.0,0.5840825629986071,0.22891267952057556,-16.504298541679933,-0.0,0.1263712154453708,0.04952719936263662,-16.504298541679933,-0.0
96,1.067342454100801,0.4183111029371099,-16.71884353308285,-0.0,2.56436420722135,1.005021411575842,-16.71884353308285,-0.0,0.21075740944017565,0.08259969802228236,-16.71884353308285,-0.0,0.5840825629986071,0.22891267952057556,-16.71884353308285,-0.0,0.363317244405441,0.14239069816758027,-16.71884353308285,-0.0
97,1.3907988941660168,0.5450796200854151,-16.866713366872574,-0.0,2.56436420722135,1.005021411575842,-16.866713366872574,-0.0,0.7297475301866081,0.28600145440215263,-16.866713366872574,-0.0,0.46897556033936943,0.1838001319467646,-16.866713366872574,-0.0,0.5212812637121546,0.20429969737087605,-16.866713366872574,-0.0
98,1.3907988941660168,0.5450796200854151,-17.112972043558557,-0.0,2.3948194662480375,0.9385737149427285,-17.112972043558557,-0.0,0.8594950603732163,0.33685189349712025,-17.112972043558557,-0.0,0.29631505635051286,0.1161313105860481,-17.112972043558557,-0.0,1.0228170250109698,0.4008607698413401,-17.112972043558557,-0.0
99,1.3907988941660168,0.5450796200854151,-17.513978220722155,-0.0,2.140502354788069,0.8389021699930581,-17.513978220722155,-0.0,0.8594950603732163,0.33685189349712025,-17.513978220722155,-0.0,2.164809421299228,0.8484285556084553,-17.513978220722155,-0.0,1.0702062308029838,0.4194334696023288,-17.513978220722155,-0.0
100,4.211951513433047,1.6507411246806931,-14.201808571610519,-0.0,2.0783359497645213,0.8145380145609167,-14.201808571610519,-0.0,0.8792535675082327,0.34459561518670917,-14.201808571610519,-0.0,0.28434848676712676,0.11144139227391923,-14.201808571610519,-0.0,1.0702062308029838,0.4194334696023288,-14.201808571610519,-0.0
101,8.443680442333592,3.30923338157361,-18.897153410176397,-0.0,2.0627943485086337,0.808446975702881,-18.897153410176397,-0.0,0.6204171240395171,0.24315286105309372,-18.897153410176397,-0.0,0.276370773711536,0.10831478006583331,-18.897153410176397,-0.0,0.8822290478279946,0.3457617605504068,-18.897153410176397,-0.0
102,8.788190260154533,3.4442531039800888,-8.916894860854613,-0.0,2.0627943485086337,0.808446975702881,-8.916894860854613,-0.0,0.22392974753018663,0.08776217914867501,-8.916894860854613,-0.0,0.276370773711536,0.10831478006583331,-8.916894860854613,-0.0,0.6002632733655111,0.23525419697252387,-8.916894860854613,-0.0
103,9.0,3.527265229607776,-2.9942686110934216,-0.0,2.0627943485086337,0.808446975702881,-2.9942686110934216,-0.0,0.22392974753018663,0.08776217914867501,-2.9942686110934216,-0.0,0.276370773711536,0.10831478006583331,-2.9942686110934216,-0.0,1.475383940324704,0.5782300525587825,-2.9942686110934216,-0.0
104,8.97320479194726,3.516763695642828,-13.078647392218047,-0.0,1.9497645211930925,0.7641485112808054,-13.078647392218047,-0.0,0.22392974753018663,0.08776217914867501,-13.078647392218047,-0.0,0.276370773711536,0.10831478006583331,-13.078647392218047,-0.0,0.1263712154453708,0.04952719936263662,-13.078647392218047,-0.0
105,8.97320479194726,3.516763695642828,-19.832516079729988,-0.0,1.7802197802197801,0.697700814647692,-19.832516079729988,-0.0,5.448079034028541,2.1352021938759993,-19.832516079729988,-0.0,0.276370773711536,0.10831478006583331,-19.832516079729988,-0.0,0.1263712154453708,0.04952719936263662,-19.832516079729988,-0.0
106,8.858368186006945,3.471757121507334,-20.34452015538432,-0.0,1.9073783359497647,0.7475365871225272,-20.34452015538432,-0.0,0.17453347969264543,0.06840287492470257,-20.34452015538432,-0.0,0.2923261998227175,0.11456800448200515,-20.34452015538432,-0.0,0.1263712154453708,0.04952719936263662,-20.34452015538432,-0.0
107,8.399021762245694,3.2917308249653625,-20.652104693370692,-0.0,1.9921507064364206,0.7807604354390838,-20.652104693370692,-0.0,0.17453347969264543,0.06840287492470257,-20.652104693370692,-0.0,2.164809421299228,0.8484285556084553,-20.652104693370692,-0.0,0.2764370337867486,0.1083407486057676,-20.652104693370692,-0.0
108,8.399021762245694,3.2917308249653625,-20.990256638858817,-0.0,1.9921507064364206,0.7807604354390838,-20.990256638858817,-0.0,0.17453347969264543,0.06840287492470257,-20.990256638858817,-0.0,0.29631505635051286,0.1161313105860481,-20.990256638858817,-0.0,0.8767003071522598,0.3435949455782915,-20.990256638858817,-0.0
109,8.399021762245694,3.2917308249653625,-21.40482710310132,-0.0,1.9921507064364206,0.7807604354390838,-21.40482710310132,-0.0,0.17453347969264543,0.06840287492470257,-21.40482710310132,-0.0,0.29631505635051286,0.1161313105860481,-21.40482710310132,-0.0,0.8767003071522598,0.3435949455782915,-21.40482710310132,-0.0
110,8.191677890409018,3.210468954998501,-21.80984525249952,-0.0,1.9921507064364206,0.7807604354390838,-21.80984525249952,-0.0,0.17453347969264543,0.06840287492470257,-21.80984525249952,-0.0,0.29631505635051286,0.1161313105860481,-21.80984525249952,-0.0,0.8767003071522598,0.3435949455782915,-21.80984525249952,-0.0
111,8.580846388317857,3.362991234013227,-22.14035534611221,-0.0,2.218210361067504,0.8693573642832353,-22.14035534611221,-0.0,0.6935236004390779,0.27180463130457283,-22.14035534611221,-0.0,0.35386855768013176,0.13868758437295362,-22.14035534611221,-0.0,0.8767003071522598,0.3435949455782915,-22.14035534611221,-0.0
112,5.759693769050825,2.2573297294179486,-22.495701458320067,-0.0,2.2747252747252746,0.891506596494273,-22.495701458320067,-0.0,0.823271130625686,0.32265507039954044,-22.495701458320067,-0.0,0.5840825629986071,0.22891267952057556,-22.495701458320067,-0.0,0.4912681000438789,0.19253698752224982,-22.495701458320067,-0.0
113,1.52796484015028,0.5988374725250317,-22.15754951283194,-0.0,2.2747252747252746,0.891506596494273,-22.15754951283194,-0.0,0.823271130625686,0.32265507039954044,-22.15754951283194,-0.0,0.6296694947448399,0.24677903499535223,-22.15754951283194,-0.0,0.6634488810881966,0.26001779665384217,-22.15754951283194,-0.0
114,1.52796484015028,0.5988374725250317,-23.596128128383114,-0.0,2.2747252747252746,0.891506596494273,-23.596128128383114,-0.0,0.823271130625686,0.32265507039954044,-23.596128128383114,-0.0,0.46897556033936943,0.1838001319467646,-23.596128128383114,-0.0,0.6634488810881966,0.26001779665384217,-23.596128128383114,-0.0
115,1.52796484015028,0.5988374725250317,-24.213207667324717,-0.0,2.2747252747252746,0.891506596494273,-24.213207667324717,-0.0,0.5637760702524698,0.22095419220960527,-24.213207667324717,-0.0,0.29631505635051286,0.1161313105860481,-24.213207667324717,-0.0,0.6634488810881966,0.26001779665384217,-24.213207667324717,-0.0
116,1.312327213440136,0.5143251277594949,-24.138699611539195,-0.0,2.1051805337519625,0.8250588998611597,-24.138699611539195,-0.0,0.17453347969264543,0.06840287492470257,-24.138699611539195,-0.0,0.29631505635051286,0.1161313105860481,-24.138699611539195,-0.0,0.6634488810881966,0.26001779665384217,-24.138699611539195,-0.0
117,0.9888707733749202,0.3875566106111897,-22.906450996624848,-0.0,2.0486656200941913,0.8029096676501216,-22.906450996624848,-0.0,0.17453347969264543,0.06840287492470257,-22.906450996624848,-0.0,0.29631505635051286,0.1161313105860481,-22.906450996624848,-0.0,0.7819218955682318,0.3064495460563141,-22.906450996624848,-0.0
118,0.9888707733749202,0.3875566106111897,-26.622301471056485,-0.0,2.1263736263736264,0.8333648619402988,-26.622301471056485,-0.0,0.17453347969264543,0.06840287492470257,-26.622301471056485,-0.0,0.2803596302393314,0.10987808616987628,-26.622301471056485,-0.0,0.9596314172882843,0.37609717016002175,-26.622301471056485,-0.0
119,0.9888707733749202,0.3875566106111897,-14.30172578488187,-0.0,2.1263736263736264,0.8333648619402988,-14.30172578488187,-0.0,0.17453347969264543,0.06840287492470257,-14.30172578488187,-0.0,0.276370773711536,0.10831478006583331,-14.30172578488187,-0.0,0.9596314172882843,0.37609717016002175,-14.30172578488187,-0.0
120,0.8332033742113844,0.3265476990052992,-18.801630261733425,-0.0,2.1263736263736264,0.8333648619402988,-18.801630261733425,-0.0,0.17453347969264543,0.06840287492470257,-18.801630261733425,-0.0,0.276370773711536,0.10831478006583331,-18.801630261733425,-0.0,0.9596314172882843,0.37609717016002175,-18.801630261733425,-0.0
121,0.5997022754660806,0.2350343315964634,-27.210724065465197,-0.0,1.914442700156986,0.7503052411489068,-27.210724065465197,-0.0,0.17453347969264543,0.06840287492470257,-27.210724065465197,-0.0,0.276370773711536,0.10831478006583331,-27.210724065465197,-0.0,0.9596314172882843,0.37609717016002175,-27.210724065465197,-0.0
122,4.715318636138087,1.8480199413079372,-24.037445074189645,-0.0,1.914442700156986,0.7503052411489068,-24.037445074189645,-0.0,0.17453347969264543,0.06840287492470257,-24.037445074189645,-0.0,0.276370773711536,0.10831478006583331,-24.037445074189645,-0.0,0.9596314172882843,0.37609717016002175,-24.037445074189645,-0.0
123,1.9050116963209751,0.7466090576032337,-16.353371967140035,-0.0,1.914442700156986,0.7503052411489068,-16.353371967140035,-0.0,0.17453347969264543,0.06840287492470257,-16.353371967140035,-0.0,0.276370773711536,0.10831478006583331,-16.353371967140035,-0.0,0.9596314172882843,0.37609717016002175,-16.353371967140035,-0.0
124,0.7591975614942937,0.29754346234020373,-11.708654397248932,-0.0,1.914442700156986,0.7503052411489068,-11.708654397248932,-0.0,0.17453347969264543,0.06840287492470257,-11.708654397248932,-0.0,1.9824616943142968,0.7769631337093488,-11.708654397248932,-0.0,1.241597191750768,0.48660473373790475,-11.708654397248932,-0.0
125,1.2185439852555469,0.4775697588821757,-27.51448767751385,-0.0,1.914442700156986,0.7503052411489068,-27.51448767751385,-0.0,0.17453347969264543,0.06840287492470257,-27.51448767751385,-0.0,3.119855641382804,1.2227287028050258,-27.51448767751385,-0.0,1.4295743747257572,0.5602764427898268,-27.51448767751385,-0.0
126,1.2185439852555469,0.4775697588821757,-24.851302298923773,-0.0,1.914442700156986,0.7503052411489068,-24.851302298923773,-0.0,0.6935236004390779,0.27180463130457283,-24.851302298923773,-0.0,2.9204128149930355,1.144563397602878,-24.851302298923773,-0.0,1.5298815269855202,0.5995886572839195,-24.851302298923773,-0.0
127,1.2185439852555469,0.4775697588821757,-16.255747309431317,-0.0,1.914442700156986,0.7503052411489068,-16.255747309431317,-0.0,0.823271130625686,0.32265507039954044,-16.255747309431317,-0.0,2.9204128149930355,1.144563397602878,-16.255747309431317,-0.0,1.9627029398859153,0.76921931510095,-16.255747309431317,-0.0
128,1.2185439852555469,0.4775697588821757,-28.272941476151054,-0.0,1.914442700156986,0.7503052411489068,-28.272941476151054,-0.0,0.823271130625686,0.32265507039954044,-28.272941476151054,-0.0,3.2081803216411293,1.2573447665374051,-28.272941476151054,-0.0,1.8600263273365512,0.7289784656188076,-28.272941476151054,-0.0
129,0.8670163748493654,0.3397996347229721,-25.871489524294724,-0.0,1.914442700156986,0.7503052411489068,-25.871489524294724,-0.0,0.823271130625686,0.32265507039954044,-25.871489524294724,-0.0,3.2081803216411293,1.2573447665374051,-25.871489524294724,-0.0,6.795612110574814,2.6633251457257843,-25.871489524294724,-0.0
130,1.18345502232934,0.46381775011855286,-23.49487359103356,-0.0,1.751962323390895,0.6866261985421731,-23.49487359103356,-0.0,0.5637760702524698,0.22095419220960527,-23.49487359103356,-0.0,3.1506268203115106,1.2347884927504997,-23.49487359103356,-0.0,1.307152259763054,0.5122969684072725,-23.49487359103356,-0.0
131,1.18345502232934,0.46381775011855286,-28.26338916130676,-0.0,1.3902668759811618,0.544871112391531,-28.26338916130676,-0.0,0.17453347969264543,0.06840287492470257,-28.26338916130676,-0.0,2.9204128149930355,1.144563397602878,-28.26338916130676,-0.0,0.7068889863975428,0.27704277143474854,-28.26338916130676,-0.0
132,1.18345502232934,0.46381775011855286,-19.15239126281602,-0.0,1.3563579277864992,0.5315815730649082,-19.15239126281602,-0.0,0.17453347969264543,0.06840287492470257,-19.15239126281602,-0.0,2.9204128149930355,1.144563397602878,-19.15239126281602,-0.0,0.627906976744186,0.24608827183310067,-19.15239126281602,-0.0
133,1.0756362089742681,0.4215615777357844,-5.729287397312616,-0.0,1.3563579277864992,0.5315815730649082,-5.729287397312616,-0.0,0.17453347969264543,0.06840287492470257,-5.729287397312616,-0.0,2.9204128149930355,1.144563397602878,-5.729287397312616,-0.0,0.3119789381307591,0.12227027342650913,-5.729287397312616,-0.0
134,4.129651945842489,1.6184864132169228,-5.373177099917213,-0.0,1.3563579277864992,0.5315815730649082,-5.373177099917213,-0.0,0.17453347969264543,0.06840287492470257,-5.373177099917213,-0.0,2.9204128149930355,1.144563397602878,-5.373177099917213,-0.0,0.3119789381307591,0.12227027342650913,-5.373177099917213,-0.0
135,0.6443609555539802,0.25253688820471065,-22.277908679870087,-0.0,1.3563579277864992,0.5315815730649082,-22.277908679870087,-0.0,0.17453347969264543,0.06840287492470257,-22.277908679870087,-0.0,2.9204128149930355,1.144563397602878,-22.277908679870087,-0.0,0.3119789381307591,0.12227027342650913,-22.277908679870087,-0.0
136,0.6443609555539802,0.25253688820471065,-27.44953193657263,-0.0,1.3563579277864992,0.5315815730649082,-27.44953193657263,-0.0,0.17453347969264543,0.06840287492470257,-27.44953193657263,-0.0,1.214321894390275,0.4759150439593625,-27.44953193657263,-0.0,0.3119789381307591,0.12227027342650913,-27.44953193657263,-0.0
137,0.6264974835188204,0.24553586556141177,-27.85646054893969,-0.0,1.3563579277864992,0.5315815730649082,-27.85646054893969,-0.0,0.17453347969264543,0.06840287492470257,-27.85646054893969,-0.0,0.07692794732176778,0.03014947486368557,-27.85646054893969,-0.0,0.3119789381307591,0.12227027342650913,-27.85646054893969,-0.0
138,0.5997022754660806,0.2350343315964634,-28.63783990320321,-0.0,1.3563579277864992,0.5315815730649082,-28.63783990320321,-0.0,0.17453347969264543,0.06840287492470257,-28.63783990320321,-0.0,0.07692794732176778,0.03014947486368557,-28.63783990320321,-0.0,0.5015357612988153,0.19656107247046406,-28.63783990320321,-0.0
139,0.5997022754660806,0.2350343315964634,-28.494555180538754,-0.0,1.3563579277864992,0.5315815730649082,-28.494555180538754,-0.0,0.17453347969264543,0.06840287492470257,-28.494555180538754,-0.0,0.07692794732176778,0.03014947486368557,-28.494555180538754,-0.0,0.5489249670908294,0.2151337722314528,-28.494555180538754,-0.0
140,0.5997022754660806,0.2350343315964634,-26.17143221040565,-0.0,1.3563579277864992,0.5315815730649082,-26.17143221040565,-0.0,0.17453347969264543,0.06840287492470257,-26.17143221040565,-0.0,0.07692794732176778,0.03014947486368557,-26.17143221040565,-0.0,0.9003949100482669,0.3528812954587859,-26.17143221040565,-0.0
141,0.6762600127596228,0.2650387143534587,-7.230147105648602,-0.0,1.3563579277864992,0.5315815730649082,-7.230147105648602,-0.0,0.17453347969264543,0.06840287492470257,-7.230147105648602,-0.0,0.07692794732176778,0.03014947486368557,-7.230147105648602,-0.0,1.916893374286968,0.7512657053319941,-7.230147105648602,-0.0
142,0.5997022754660806,0.2350343315964634,-12.421066038336626,-0.0,1.3563579277864992,0.5315815730649082,-12.421066038336626,-0.0,4.17563117453348,1.6365065170664692,-12.421066038336626,-0.0,0.3071419526402432,0.12037457001130757,-12.421066038336626,-0.0,1.986397542781922,0.7785056649814442,-12.421066038336626,-0.0
143,0.8153399021762244,0.31954667636200024,-16.487104374960197,-0.0,1.434065934065934,0.5620367673550852,-16.487104374960197,-0.0,4.17563117453348,1.6365065170664692,-16.487104374960197,-0.0,0.364695453969862,0.14293084379821305,-16.487104374960197,-0.0,1.986397542781922,0.7785056649814442,-16.487104374960197,-0.0
144,1.1387963422414407,0.44631519351030563,-9.95943450296122,-0.0,0.3602825745682888,0.14120135534536624,-9.95943450296122,-0.0,0.17453347969264543,0.06840287492470257,-9.95943450296122,-0.0,0.364695453969862,0.14293084379821305,-9.95943450296122,-0.0,1.798420359806933,0.7048339559295224,-9.95943450296122,-0.0
145,1.1387963422414407,0.44631519351030563,-18.39775839011654,-0.0,0.3602825745682888,0.14120135534536624,-18.39775839011654,-0.0,0.6935236004390779,0.27180463130457283,-18.39775839011654,-0.0,0.07692794732176778,0.03014947486368557,-18.39775839011654,-0.0,1.2163229486616938,0.4766992938653774,-18.39775839011654,-0.0
146,1.3684695541220668,0.5363283417812914,-23.305737757116475,-0.0,0.3602825745682888,0.14120135534536624,-23.305737757116475,-0.0,0.823271130625686,0.32265507039954044,-23.305737757116475,-0.0,0.07692794732176778,0.03014947486368557,-23.305737757116475,-0.0,0.8767003071522598,0.3435949455782915,-23.305737757116475,-0.0
147,1.497341745232863,0.5868357194222337,-11.09768833980768,-0.0,0.3602825745682888,0.14120135534536624,-11.09768833980768,-0.0,0.823271130625686,0.32265507039954044,-11.09768833980768,-0.0,0.07692794732176778,0.03014947486368557,-11.09768833980768,-0.0,1.476963580517771,0.5788491425508154,-11.09768833980768,-0.0
148,1.1738853051676472,0.4600672022739284,-11.91899637012036,-0.0,0.3602825745682888,0.14120135534536624,-11.91899637012036,-0.0,0.823271130625686,0.32265507039954044,-11.91899637012036,-0.0,0.07692794732176778,0.03014947486368557,-11.91899637012036,-0.0,2.5187362878455466,0.9871389922965511,-11.91899637012036,-0.0
149,1.1738853051676472,0.4600672022739284,-10.360440680124816,-0.0,0.3602825745682888,0.14120135534536624,-10.360440680124816,-0.0,0.5637760702524698,0.22095419220960527,-10.360440680124816,-0.0,0.07692794732176778,0.03014947486368557,-10.360440680124816,-0.0,4.302150065818341,1.68609159330176,-10.360440680124816,-0.0
150,1.1738853051676472,0.4600672022739284,-13.57746927338725,-0.0,0.3602825745682888,0.14120135534536624,-13.57746927338725,-0.0,0.17453347969264543,0.06840287492470257,-13.57746927338725,-0.0,0.07692794732176778,0.03014947486368557,-13.57746927338725,-0.0,0.8174637999122423,0.3203790708770556,-13.57746927338725,-0.0
151,0.5997022754660806,0.2350343315964634,-17.59345348022671,-0.0,0.3602825745682888,0.14120135534536624,-17.59345348022671,-0.0,0.17453347969264543,0.06840287492470257,-17.59345348022671,-0.0,0.07692794732176778,0.03014947486368557,-17.59345348022671,-0.0,0.6752961825362002,0.2646609715940894,-17.59345348022671,-0.0
152,0.15630538030764868,0.06125894812886547,-27.548876010953318,-0.0,0.3602825745682888,0.14120135534536624,-27.548876010953318,-0.0,0.17453347969264543,0.06840287492470257,-27.548876010953318,-0.0,0.07692794732176778,0.03014947486368557,-27.548876010953318,-0.0,0.9564721369021502,0.37485899017595586,-27.548876010953318,-0.0
153,0.15630538030764868,0.06125894812886547,-24.071833407629114,-0.0,0.3602825745682888,0.14120135534536624,-24.071833407629114,-0.0,0.17453347969264543,0.06840287492470257,-24.071833407629114,-0.0,0.07692794732176778,0.03014947486368557,-24.071833407629114,-0.0,1.0504607283896448,0.4116948447019169,-24.071833407629114,-0.0
154,0.15630538030764868,0.06125894812886547,-10.056103929185506,-0.0,1.434065934065934,0.5620367673550852,-10.056103929185506,-0.0,0.17453347969264543,0.06840287492470257,-10.056103929185506,-0.0,0.07692794732176778,0.03014947486368557,-10.056103929185506,-0.0,1.0504607283896448,0.4116948447019169,-10.056103929185506,-0.0
155,0.15630538030764868,0.06125894812886547,-7.597338088263388,-0.0,1.434065934065934,0.5620367673550852,-7.597338088263388,-0.0,0.17453347969264543,0.06840287492470257,-7.597338088263388,-0.0,0.07692794732176778,0.03014947486368557,-7.597338088263388,-0.0,1.1144361562088636,0.43676798937925165,-7.597338088263388,-0.0
156,0.15630538030764868,0.06125894812886547,-16.682735782971406,-0.0,1.03563579277865,0.4058846802672684,-16.682735782971406,-0.0,0.17453347969264543,0.06840287492470257,-16.682735782971406,-0.0,0.07692794732176778,0.03014947486368557,-16.682735782971406,-0.0,0.580517770952172,0.22751557207211195,-16.682735782971406,-0.0
157,0.15630538030764868,0.06125894812886547,-30.0,-0.0,0.43799058084772374,0.17165654963554328,-30.0,-0.0,0.17453347969264543,0.06840287492470257,-30.0,-0.0,0.07692794732176778,0.03014947486368557,-30.0,-0.0,0.580517770952172,0.22751557207211195,-30.0,-0.0
158,0.15630538030764868,0.06125894812886547,-28.549958606635673,-0.0,0.43799058084772374,0.17165654963554328,-28.549958606635673,-0.0,0.17453347969264543,0.06840287492470257,-28.549958606635673,-0.0,0.07692794732176778,0.03014947486368557,-28.549958606635673,-0.0,0.25827117156647655,0.10122121369738858,-28.549958606635673,-0.0
159,0.15630538030764868,0.06125894812886547,-26.950901101700314,-0.0,0.43799058084772374,0.17165654963554328,-26.950901101700314,-0.0,0.17453347969264543,0.06840287492470257,-26.950901101700314,-0.0,0.13448144865138661,0.052705748650591064,-26.950901101700314,-0.0,0.4778411584028083,0.1872747225899697,-26.950901101700314,-0.0
160,0.15630538030764868,0.06125894812886547,-27.117111379991083,-0.0,0.43799058084772374,0.17165654963554328,-27.117111379991083,-0.0,0.17453347969264543,0.06840287492470257,-27.117111379991083,-0.0,0.364695453969862,0.14293084379821305,-27.117111379991083,-0.0,0.9280386134269416,0.3637153703193626,-27.117111379991083,-0.0
161,1.3180690437371516,0.5165754564662696,-26.448449340890278,-0.0,0.43799058084772374,0.17165654963554328,-26.448449340890278,-0.0,0.6935236004390779,0.27180463130457283,-26.448449340890278,-0.0,0.364695453969862,0.14293084379821305,-26.448449340890278,-0.0,0.8972356296621325,0.35164311547471994,-26.448449340890278,-0.0
162,2.4798327071666546,0.9718919648036737,-28.702795644144427,-0.0,0.43799058084772374,0.17165654963554328,-28.702795644144427,-0.0,4.831613611416026,1.893598077160823,-28.702795644144427,-0.0,0.2495884513106243,0.09781829622440205,-28.702795644144427,-0.0,0.8767003071522598,0.3435949455782915,-28.702795644144427,-0.0
163,0.18820443751329127,0.07376077427761352,-28.24046360568044,-0.0,0.43799058084772374,0.17165654963554328,-28.24046360568044,-0.0,4.86059275521405,1.9049555356388865,-28.24046360568044,-0.0,0.07692794732176778,0.03014947486368557,-28.24046360568044,-0.0,0.9904344010530935,0.38816942500466445,-28.24046360568044,-0.0
164,0.5008151981285887,0.19627867053534445,-26.29370184041266,-0.0,0.43799058084772374,0.17165654963554328,-26.29370184041266,-0.0,5.031833150384193,1.972067790281991,-26.29370184041266,-0.0,0.07692794732176778,0.03014947486368557,-26.29370184041266,-0.0,0.41070645019745505,0.160963397928569,-26.29370184041266,-0.0
165,0.7304884100092153,0.2862918188063304,-20.07132395083742,-0.0,0.3602825745682888,0.14120135534536624,-20.07132395083742,-0.0,1.7690450054884743,0.6933212152745325,-20.07132395083742,-0.0,0.07692794732176778,0.03014947486368557,-20.07132395083742,-0.0,6.685827117156648,2.6202983912794933,-20.07132395083742,-0.0
166,0.7304884100092153,0.2862918188063304,-26.236387951346874,-0.0,0.3602825745682888,0.14120135534536624,-26.236387951346874,-0.0,0.5697036223929748,0.223277308716482,-26.236387951346874,-0.0,0.07692794732176778,0.03014947486368557,-26.236387951346874,-0.0,8.810443176831944,3.4529744305638213,-26.236387951346874,-0.0
167,0.7304884100092153,0.2862918188063304,-26.230656562440302,-0.0,0.3602825745682888,0.14120135534536624,-26.230656562440302,-0.0,0.5400658616904499,0.21166172618209847,-26.230656562440302,-0.0,0.07692794732176778,0.03014947486368557,-26.230656562440302,-0.0,9.0,3.527265229607776,-26.230656562440302,-0.0
168,0.615651804068902,0.24128524467083745,-25.242947207539956,-0.0,0.3602825745682888,0.14120135534536624,-25.242947207539956,-0.0,0.5400658616904499,0.21166172618209847,-25.242947207539956,-0.0,0.07692794732176778,0.03014947486368557,-25.242947207539956,-0.0,8.905221588415971,3.4901198300857983,-25.242947207539956,-0.0
169,0.15630538030764868,0.06125894812886547,-25.571546838183785,-0.0,0.3602825745682888,0.14120135534536624,-25.571546838183785,-0.0,0.4083424807903403,0.16003691491817207,-25.571546838183785,-0.0,0.07692794732176778,0.03014947486368557,-25.571546838183785,-0.0,3.876437033786749,1.5192468404488781,-25.571546838183785,-0.0
170,0.4797618203728646,0.18802746527717076,-19.639559319875183,-0.0,0.3602825745682888,0.14120135534536624,-19.639559319875183,-0.0,0.21075740944017565,0.08259969802228236,-19.639559319875183,-0.0,0.07692794732176778,0.03014947486368557,-19.639559319875183,-0.0,0.4620447564721369,0.1810838226696401,-19.639559319875183,-0.0
171,0.6953994470830084,0.27253981004270755,-15.7204355855569,-0.0,0.3602825745682888,0.14120135534536624,-15.7204355855569,-0.0,0.21075740944017565,0.08259969802228236,-15.7204355855569,-0.0,0.07692794732176778,0.03014947486368557,-15.7204355855569,-0.0,0.4620447564721369,0.1810838226696401,-15.7204355855569,-0.0
172,0.6953994470830084,0.27253981004270755,-24.78443609501369,-0.0,0.3602825745682888,0.14120135534536624,-24.78443609501369,-0.0,0.21075740944017565,0.08259969802228236,-24.78443609501369,-0.0,0.07692794732176778,0.03014947486368557,-24.78443609501369,-0.0,0.4620447564721369,0.1810838226696401,-24.78443609501369,-0.0
173,0.6953994470830084,0.27253981004270755,-25.042348595809717,-0.0,0.3602825745682888,0.14120135534536624,-25.042348595809717,-0.0,0.21075740944017565,0.08259969802228236,-25.042348595809717,-0.0,0.13448144865138661,0.052705748650591064,-25.042348595809717,-0.0,0.4620447564721369,0.1810838226696401,-25.042348595809717,-0.0
174,0.37194300701779254,0.1457712928944023,-22.451760810036298,-0.0,0.3602825745682888,0.14120135534536624,-22.451760810036298,-0.0,0.21075740944017565,0.08259969802228236,-22.451760810036298,-0.0,0.364695453969862,0.14293084379821305,-22.451760810036298,-0.0,0.5426064063185607,0.21265741226332094,-22.451760810036298,-0.0
175,0.15630538030764868,0.06125894812886547,-25.63650257912501,-0.0,0.3602825745682888,0.14120135534536624,-25.63650257912501,-0.0,0.21075740944017565,0.08259969802228236,-25.63650257912501,-0.0,0.364695453969862,0.14293084379821305,-25.63650257912501,-0.0,0.5963141728828434,0.23370647199244152,-25.63650257912501,-0.0
176,0.15630538030764868,0.06125894812886547,-19.5115583009616,-0.0,0.3602825745682888,0.14120135534536624,-19.5115583009616,-0.0,0.21075740944017565,0.08259969802228236,-19.5115583009616,-0.0,0.2495884513106243,0.09781829622440205,-19.5115583009616,-0.0,1.3466432645897326,0.5277742182080964,-19.5115583009616,-0.0
177,0.15630538030764868,0.06125894812886547,-18.45602751066675,-0.0,0.3602825745682888,0.14120135534536624,-18.45602751066675,-0.0,0.22854006586169046,0.08956904754291242,-18.45602751066675,-0.0,0.07692794732176778,0.03014947486368557,-18.45602751066675,-0.0,1.336375603334796,0.5237501332598822,-18.45602751066675,-0.0
178,0.271141986247962,0.10626552226435845,-16.621600967967904,-0.0,0.3602825745682888,0.14120135534536624,-16.621600967967904,-0.0,0.3721185510428101,0.1458400918205923,-16.621600967967904,-0.0,0.07692794732176778,0.03014947486368557,-16.621600967967904,-0.0,1.9935059236507244,0.7812915699455927,-16.621600967967904,-0.0
179,0.7304884100092153,0.2862918188063304,-20.31013182194485,-0.0,0.3602825745682888,0.14120135534536624,-20.31013182194485,-0.0,0.3721185510428101,0.1458400918205923,-20.31013182194485,-0.0,0.07692794732176778,0.03014947486368557,-20.31013182194485,-0.0,2.168056164984642,0.8497010140652341,-20.31013182194485,-0.0
180,0.7304884100092153,0.2862918188063304,-19.473349041584413,-0.0,0.3602825745682888,0.14120135534536624,-19.473349041584413,-0.0,0.7613611416026345,0.298391409105495,-19.473349041584413,-0.0,0.07692794732176778,0.03014947486368557,-19.473349041584413,-0.0,1.1807810443176832,0.4627697690446358,-19.473349041584413,-0.0
181,0.7304884100092153,0.2862918188063304,-7.648156403235051,-0.0,0.3602825745682888,0.14120135534536624,-7.648156403235051,-0.0,1.0208562019758507,0.4000922872954301,-7.648156403235051,-0.0,0.07692794732176778,0.03014947486368557,-7.648156403235051,-0.0,0.7866608161474331,0.3083068160324129,-7.648156403235051,-0.0
182,0.7304884100092153,0.2862918188063304,-6.2248614914347575,-0.0,0.3602825745682888,0.14120135534536624,-6.2248614914347575,-0.0,1.0208562019758507,0.4000922872954301,-6.2248614914347575,-0.0,0.07692794732176778,0.03014947486368557,-6.2248614914347575,-0.0,0.690302764370338,0.27054232651840254,-6.2248614914347575,-0.0
183,0.271141986247962,0.10626552226435845,-6.040692861236707,-0.0,0.3602825745682888,0.14120135534536624,-6.040692861236707,-0.0,3.0836443468715697,1.2085368316885188,-6.040692861236707,-0.0,0.07692794732176778,0.03014947486368557,-6.040692861236707,-0.0,0.41070645019745505,0.160963397928569,-6.040692861236707,-0.0
184,0.15630538030764868,0.06125894812886547,-7.415653059924855,-0.0,0.3602825745682888,0.14120135534536624,-7.415653059924855,-0.0,0.8911086717892426,0.34924184820046256,-7.415653059924855,-0.0,0.276370773711536,0.10831478006583331,-7.415653059924855,-0.0,0.690302764370338,0.27054232651840254,-7.415653059924855,-0.0
185,0.15630538030764868,0.06125894812886547,-12.980831688212444,-0.0,0.3602825745682888,0.14120135534536624,-12.980831688212444,-0.0,0.3721185510428101,0.1458400918205923,-12.980831688212444,-0.0,0.276370773711536,0.10831478006583331,-12.980831688212444,-0.0,0.41070645019745505,0.160963397928569,-12.980831688212444,-0.0
186,0.15630538030764868,0.06125894812886547,-19.941412468954976,-0.0,0.3602825745682888,0.14120135534536624,-19.941412468954976,-0.0,0.3866081229418222,0.1515188210596242,-19.941412468954976,-0.0,0.31397999240217805,0.12305452333252404,-19.941412468954976,-0.0,0.41070645019745505,0.160963397928569,-19.941412468954976,-0.0
187,0.15630538030764868,0.06125894812886547,-15.753868687511941,-0.0,0.3602825745682888,0.14120135534536624,-15.753868687511941,-0.0,0.6434687156970362,0.2521872030242808,-15.753868687511941,-0.0,0.3233822970748385,0.1267394591491967,-15.753868687511941,-0.0,0.690302764370338,0.27054232651840254,-15.753868687511941,-0.0
188,0.2641241936627206,0.10351512051163388,-11.746863656626124,-0.0,0.3602825745682888,0.14120135534536624,-11.746863656626124,-0.0,0.8002195389681668,0.31362072842835326,-11.746863656626124,-0.0,0.5792389515005699,0.22701437925138057,-11.746863656626124,-0.0,0.41070645019745505,0.160963397928569,-11.746863656626124,-0.0
189,0.6953994470830084,0.27253981004270755,-10.666687894032988,-0.0,0.3602825745682888,0.14120135534536624,-10.666687894032988,-0.0,0.8002195389681668,0.31362072842835326,-10.666687894032988,-0.0,0.7179941750031658,0.28139509872773194,-10.666687894032988,-0.0,0.5505046072838964,0.21575286222348572,-10.666687894032988,-0.0
190,0.6953994470830084,0.27253981004270755,-13.205502133350315,-0.0,0.3602825745682888,0.14120135534536624,-13.205502133350315,-0.0,0.8002195389681668,0.31362072842835326,-13.205502133350315,-0.0,0.7179941750031658,0.28139509872773194,-13.205502133350315,-0.0,2.3963141728828434,0.9391595179139968,-13.205502133350315,-0.0
191,0.6953994470830084,0.27253981004270755,-20.117175062090045,-0.0,0.3602825745682888,0.14120135534536624,-20.117175062090045,-0.0,0.8002195389681668,0.31362072842835326,-20.117175062090045,-0.0,0.43022666835507156,0.16861372979320444,-20.117175062090045,-0.0,1.4943396226415095,0.5856591324631779,-20.117175062090045,-0.0
192,0.5875806337279365,0.23028363765993914,-18.851684391517544,-0.0,0.3602825745682888,0.14120135534536624,-18.851684391517544,-0.0,0.8002195389681668,0.31362072842835326,-18.851684391517544,-0.0,0.43022666835507156,0.16861372979320444,-18.851684391517544,-0.0,2.215445370776657,0.8682737138262232,-18.851684391517544,-0.0
193,0.271141986247962,0.10626552226435845,-12.597974909253008,-0.0,0.3602825745682888,0.14120135534536624,-12.597974909253008,-0.0,0.8002195389681668,0.31362072842835326,-12.597974909253008,-0.0,0.43022666835507156,0.16861372979320444,-12.597974909253008,-0.0,7.694427380430013,3.0155873511925364,-12.597974909253008,-0.0
194,0.7304884100092153,0.2862918188063304,-11.45150608164045,-0.0,0.3602825745682888,0.14120135534536624,-11.45150608164045,-0.0,0.8133918770581777,0.3187832095547459,-11.45150608164045,-0.0,0.43022666835507156,0.16861372979320444,-11.45150608164045,-0.0,1.9666520403685828,0.7707670400810323,-11.45150608164045,-0.0
195,0.7304884100092153,0.2862918188063304,-12.412277908679872,-0.0,0.3602825745682888,0.14120135534536624,-12.412277908679872,-0.0,1.8131723380900109,0.7106155270479478,-12.412277908679872,-0.0,0.43022666835507156,0.16861372979320444,-12.412277908679872,-0.0,1.8165862220272053,0.7119534908379014,-12.412277908679872,-0.0
196,0.7304884100092153,0.2862918188063304,-14.610838693243329,-0.0,0.3602825745682888,0.14120135534536624,-14.610838693243329,-0.0,2.8900109769484086,1.132648359130547,-14.610838693243329,-0.0,0.43022666835507156,0.16861372979320444,-14.610838693243329,-0.0,0.1263712154453708,0.04952719936263662,-14.610838693243329,-0.0
197,0.7304884100092153,0.2862918188063304,-14.920333694198561,-0.0,0.3602825745682888,0.14120135534536624,-14.920333694198561,-0.0,1.5148188803512626,0.5936853295351545,-14.920333694198561,-0.0,0.43022666835507156,0.16861372979320444,-14.920333694198561,-0.0,0.1263712154453708,0.04952719936263662,-14.920333694198561,-0.0
198,0.271141986247962,0.10626552226435845,-9.102973954021524,-0.0,0.42244897959183675,0.16556551077750786,-9.102973954021524,-0.0,1.5148188803512626,0.5936853295351545,-9.102973954021524,-0.0,0.5157021653792581,0.20211314630841068,-9.102973954021524,-0.0,0.1263712154453708,0.04952719936263662,-9.102973954021524,-0.0
199,0.15630538030764868,0.06125894812886547,-12.865248678596448,-0.0,0.43799058084772374,0.17165654963554328,-12.865248678596448,-0.0,9.0,3.527265229607776,-12.865248678596448,-0.0,0.5157021653792581,0.20211314630841068,-12.865248678596448,-0.0,0.1263712154453708,0.04952719936263662,-12.865248678596448,-0.0
200,0.15630538030764868,0.06125894812886547,-6.765904604215756,-0.0,0.43799058084772374,0.17165654963554328,-6.765904604215756,-0.0,8.311745334796926,3.2575255907537604,-6.765904604215756,-0.0,0.48920476130176016,0.1917283271886967,-6.765904604215756,-0.0,0.1263712154453708,0.04952719936263662,-6.765904604215756,-0.0
201,0.15630538030764868,0.06125894812886547,-8.01668470992804,-0.0,0.43799058084772374,0.17165654963554328,-8.01668470992804,-0.0,8.282766190998903,3.2461681322756966,-8.01668470992804,-0.0,0.5239647967582627,0.2053514232382139,-8.01668470992804,-0.0,0.1263712154453708,0.04952719936263662,-8.01668470992804,-0.0
202,0.15630538030764868,0.06125894812886547,-7.751703496147233,-0.0,0.48320251177394036,0.18937593540437353,-7.751703496147233,-0.0,2.2663007683863885,0.8882048777958549,-7.751703496147233,-0.0,0.46384703051791826,0.18179016695585223,-7.751703496147233,-0.0,0.1263712154453708,0.04952719936263662,-7.751703496147233,-0.0
203,0.15630538030764868,0.06125894812886547,-7.050181493982041,-0.0,0.4945054945054946,0.19380578184658112,-7.050181493982041,-0.0,0.7639956092206367,0.29942390533077357,-7.050181493982041,-0.0,0.4330758515892111,0.16973037701037796,-7.050181493982041,-0.0,0.1263712154453708,0.04952719936263662,-7.050181493982041,-0.0
204,2.4798327071666546,0.9718919648036737,-5.702540915748584,-0.0,1.3422291993720565,0.5260442650121487,-5.702540915748584,-0.0,0.7639956092206367,0.29942390533077357,-5.702540915748584,-0.0,0.6014625807268584,0.2357242275453342,-5.702540915748584,-0.0,1.7107503290917068,0.6704744613716931,-5.702540915748584,-0.0
205,1.445665272559722,0.5665827610612618,-4.3019805132777185,-0.0,1.511773940345369,0.5924919616452622,-4.3019805132777185,-0.0,0.7639956092206367,0.29942390533077357,-4.3019805132777185,-0.0,0.716569583386096,0.2808367751191452,-4.3019805132777185,-0.0,1.982448442299254,0.7769579400013619,-4.3019805132777185,-0.0
206,0.28390160913021906,0.11126625272385769,-3.255810991530281,-0.0,3.388069073783359,1.3278464710517184,-3.255810991530281,-0.0,0.7639956092206367,0.29942390533077357,-3.255810991530281,-0.0,0.6310940863619096,0.24733735860393896,-3.255810991530281,-0.0,1.745502413339184,0.6840944411964183,-3.255810991530281,-0.0
207,0.34131991210037566,0.13376953979160416,-2.6662421193402532,-0.0,1.511773940345369,0.5924919616452622,-2.6662421193402532,-0.0,0.7639956092206367,0.29942390533077357,-2.6662421193402532,-0.0,0.5931999493478536,0.23248595061553087,-2.6662421193402532,-0.0,1.5922773146116718,0.6240427119692212,-2.6662421193402532,-0.0
208,0.37959878074714687,0.14877173117010187,-2.4889511558300965,-0.0,1.511773940345369,0.5924919616452622,-2.4889511558300965,-0.0,0.7639956092206367,0.29942390533077357,-2.4889511558300965,-0.0,0.3997404077497785,0.15666560456944761,-2.4889511558300965,-0.0,1.5164545853444493,0.5943263923516393,-2.4889511558300965,-0.0
209,4.658538314312043,1.8257666907631658,-2.5613577023498695,-0.0,1.511773940345369,0.5924919616452622,-2.5613577023498695,-0.0,1.0234906695938528,0.4011247835207086,-2.5613577023498695,-0.0,2.0157971381537294,0.7900279061502792,-2.5613577023498695,-0.0,1.911364633611233,0.7490988903598788,-2.5613577023498695,-0.0
210,0.43063727227617493,0.16877465300809874,-2.8173597401770363,-0.0,1.449607535321821,0.5681278062131205,-2.8173597401770363,-0.0,2.6693743139407244,1.04617680026347,-2.8173597401770363,-0.0,1.9930036722806133,0.781094728412891,-2.8173597401770363,-0.0,2.2272926722246598,0.8729168887664702,-2.8173597401770363,-0.0
211,0.443396895158432,0.17377538346759797,-3.2699484174998403,-0.0,1.434065934065934,0.5620367673550852,-3.2699484174998403,-0.0,5.182656421514819,2.031178199179187,-3.2699484174998403,-0.0,2.0964290236798786,0.8216290223962903,-3.2699484174998403,-0.0,7.358753839403247,2.884030727885533,-3.2699484174998403,-0.0
212,0.25200255192457643,0.09876442657510963,-3.76189263198115,-0.0,1.434065934065934,0.5620367673550852,-3.76189263198115,-0.0,3.9260153677277714,1.5386774997213284,-3.76189263198115,-0.0,2.2366088387995444,0.8765680654812285,-3.76189263198115,-0.0,2.0693286529179464,0.8110078895631745,-3.76189263198115,-0.0
213,0.5965123697455164,0.2337841489815886,-4.267210087244475,-0.0,1.434065934065934,0.5620367673550852,-4.267210087244475,-0.0,1.412733260153677,0.5536761008056114,-4.267210087244475,-0.0,2.232619982271749,0.8750047593771855,-4.267210087244475,-0.0,1.077314611671786,0.4222193745664772,-4.267210087244475,-0.0
214,1.6198341249025305,0.6348427318334262,-4.415270967331082,-0.0,9.0,3.527265229607776,-4.415270967331082,-0.0,0.7639956092206367,0.29942390533077357,-4.415270967331082,-0.0,2.2166645561605676,0.8687515349610138,-4.415270967331082,-0.0,0.9161913119789382,0.35907219537911544,-4.415270967331082,-0.0
215,0.826185581626143,0.32379729725257456,-4.278672865057632,-0.0,1.434065934065934,0.5620367673550852,-4.278672865057632,-0.0,0.7639956092206367,0.29942390533077357,-4.278672865057632,-0.0,0.534221856401165,0.20937135322003864,-4.278672865057632,-0.0,0.9161913119789382,0.35907219537911544,-4.278672865057632,-0.0
216,1.269582476784575,0.4975726807201725,-5.433738776030058,-0.0,1.4227629513343798,0.5576069209128776,-5.433738776030058,-0.0,0.7639956092206367,0.29942390533077357,-5.433738776030058,-0.0,0.4974673926807649,0.1949666041185,-5.433738776030058,-0.0,1.1981570864414217,0.4695797589569984,-5.433738776030058,-0.0
217,1.3703834975544054,0.5370784513502164,-5.911927657135579,-0.0,1.3775510204081634,0.5398875351440474,-5.911927657135579,-0.0,0.7639956092206367,0.29942390533077357,-5.911927657135579,-0.0,0.3427567430669875,0.13433266022597679,-5.911927657135579,-0.0,1.386134269416411,0.5432514680089204,-5.911927657135579,-0.0
218,1.2344935138583681,0.4838206719565497,-10.291281920652107,-0.0,1.3775510204081634,0.5398875351440474,-10.291281920652107,-0.0,0.7639956092206367,0.29942390533077357,-10.291281920652107,-0.0,1.2428137267316703,0.4870815161310979,-10.291281920652107,-0.0,1.4272049144361563,0.5593478078017773,-10.291281920652107,-0.0
219,1.2344935138583681,0.4838206719565497,-8.737693434375597,-0.0,1.250392464678179,0.49005176266921224,-8.737693434375597,-0.0,0.6856201975850713,0.26870714262873724,-8.737693434375597,-0.0,0.6196973534253515,0.24287076973524485,-8.737693434375597,-0.0,1.4374725756910927,0.5633718927499914,-8.737693434375597,-0.0
220,1.2344935138583681,0.4838206719565497,-4.428071069222442,-0.0,1.165620094191523,0.4568279143526555,-4.428071069222442,-0.0,0.3721185510428101,0.1458400918205923,-4.428071069222442,-0.0,0.6196973534253515,0.24287076973524485,-4.428071069222442,-0.0,6.225362000877578,2.439833658601886,-4.428071069222442,-0.0
221,1.0188558871482243,0.39930832719101284,-4.177418327708081,-0.0,1.165620094191523,0.4568279143526555,-4.177418327708081,-0.0,0.3721185510428101,0.1458400918205923,-4.177418327708081,-0.0,0.4427630745852856,0.17352697754876803,-4.177418327708081,-0.0,0.96752961825362,0.37919262012018656,-4.177418327708081,-0.0
222,0.5997022754660806,0.2350343315964634,-2.52505890594154,-0.0,1.165620094191523,0.4568279143526555,-2.52505890594154,-0.0,0.21405049396267836,0.08389031830388051,-2.52505890594154,-0.0,0.3105609725212106,0.12171454667191581,-2.52505890594154,-0.0,1.0860026327336552,0.42562436952265836,-2.52505890594154,-0.0
223,0.5997022754660806,0.2350343315964634,-1.9090492262624976,-0.0,1.2277864992150707,0.4811920697847971,-1.9090492262624976,-0.0,0.823271130625686,0.32265507039954044,-1.9090492262624976,-0.0,0.3105609725212106,0.12171454667191581,-1.9090492262624976,-0.0,0.96752961825362,0.37919262012018656,-1.9090492262624976,-0.0
224,0.5997022754660806,0.2350343315964634,-1.7041329682226327,-0.0,1.2433281004709575,0.4872831086428325,-1.7041329682226327,-0.0,0.823271130625686,0.32265507039954044,-1.7041329682226327,-0.0,0.3105609725212106,0.12171454667191581,-1.7041329682226327,-0.0,1.401930671347082,0.5494423679292499,-1.7041329682226327,-0.0
225,0.6775359750478486,0.26553878739940867,-1.9849710246449723,-0.0,1.2433281004709575,0.4872831086428325,-1.9849710246449723,-0.0,0.823271130625686,0.32265507039954044,-1.9849710246449723,-0.0,0.35614790426744336,0.13958090214669244,-1.9849710246449723,-0.0,1.8521281263712155,0.7258830156586429,-1.9849710246449723,-0.0
226,0.9888707733749202,0.3875566106111897,-1.816735655607209,-0.0,1.5259026687598116,0.5980292696980217,-1.816735655607209,-0.0,0.823271130625686,0.32265507039954044,-1.816735655607209,-0.0,0.42139420032923897,0.16515212341996646,-1.816735655607209,-0.0,2.093813075910487,0.8206037844396854,-1.816735655607209,-0.0
227,0.9888707733749202,0.3875566106111897,-1.7577023498694517,-0.0,1.9497645211930925,0.7641485112808054,-1.7577023498694517,-0.0,0.43402854006586167,0.1701037531146377,-1.7577023498694517,-0.0,0.5555907306572117,0.2177462073488402,-1.7577023498694517,-0.0,2.254936375603335,0.8837509636270471,-1.7577023498694517,-0.0
228,0.9888707733749202,0.3875566106111897,-2.038081895179265,-0.0,1.3054945054945055,0.5116472640749741,-2.038081895179265,-0.0,0.17453347969264543,0.06840287492470257,-2.038081895179265,-0.0,2.6323603900215278,1.0316703639466331,-2.038081895179265,-0.0,2.254936375603335,0.8837509636270471,-2.038081895179265,-0.0
229,0.9888707733749202,0.3875566106111897,-1.7602623702477231,-0.0,1.1444270015698588,0.44852195227351627,-1.7602623702477231,-0.0,0.17453347969264543,0.06840287492470257,-1.7602623702477231,-0.0,3.1890907939723943,1.2498632301823425,-1.7602623702477231,-0.0,1.262922334357174,0.49496244863034955,-1.7602623702477231,-0.0
230,0.9888707733749202,0.3875566106111897,-1.2492517353371968,-0.0,8.710361067503925,3.4137504145262074,-1.2492517353371968,-0.0,0.17453347969264543,0.06840287492470257,-1.2492517353371968,-0.0,3.1851019374445992,1.2482999240782997,-1.2492517353371968,-0.0,1.0607283896445812,0.41571892965013113,-1.2492517353371968,-0.0
231,0.9888707733749202,0.3875566106111897,-0.9567980640641917,-0.0,1.6361067503924647,0.6412202725095455,-0.9567980640641917,-0.0,0.17453347969264543,0.06840287492470257,-0.9567980640641917,-0.0,3.6272951753830567,1.4216035721836329,-0.9567980640641917,-0.0,0.8609039052215884,0.3374040456579619,-0.9567980640641917,-0.0
232,0.9888707733749202,0.3875566106111897,-0.8732535184359677,-0.0,2.161695447409733,0.8472081320721975,-0.8732535184359677,-0.0,0.17453347969264543,0.06840287492470257,-0.8732535184359677,-0.0,3.0087374952513617,1.1791794613352578,-0.8732535184359677,-0.0,0.8135146994295744,0.3188313458969732,-0.8732535184359677,-0.0
233,1.2568228539023178,0.4925719502606733,-0.7852575940903012,-0.0,2.161695447409733,0.8472081320721975,-0.7852575940903012,-0.0,0.2035126234906696,0.07976033340276639,-0.7852575940903012,-0.0,3.296505001899456,1.2919608302697851,-0.7852575940903012,-0.0,0.8135146994295744,0.3188313458969732,-0.7852575940903012,-0.0
234,2.090026228113702,0.8191196492659724,-0.6373304464115137,-0.0,2.161695447409733,0.8472081320721975,-0.6373304464115137,-0.0,0.21075740944017565,0.08259969802228236,-0.6373304464115137,-0.0,3.296505001899456,1.2919608302697851,-0.6373304464115137,-0.0,0.8135146994295744,0.3188313458969732,-0.6373304464115137,-0.0
235,2.1978450414687742,0.8613758216487409,-0.4589505190091065,-0.0,2.0995290423861857,0.8228439766400559,-0.4589505190091065,-0.0,0.21075740944017565,0.08259969802228236,-0.4589505190091065,-0.0,3.2389515005698373,1.2694045564828798,-0.4589505190091065,-0.0,0.8135146994295744,0.3188313458969732,-0.4589505190091065,-0.0
236,5.727794711845183,2.2448279032692007,-0.3387059797490925,-0.0,2.1178963893249607,0.8300424771086431,-0.3387059797490925,-0.0,0.3675082327113062,0.14403322342635483,-0.3387059797490925,-0.0,3.0087374952513617,1.1791794613352578,-0.3387059797490925,-0.0,1.0954804738920578,0.4293389094748561,-0.3387059797490925,-0.0
237,2.2425037215566737,0.8788783782569881,-0.21519454881232886,-0.0,2.140502354788069,0.8389021699930581,-0.21519454881232886,-0.0,0.6948408342480791,0.27232087941721217,-0.21519454881232886,-0.0,3.0087374952513617,1.1791794613352578,-0.21519454881232886,-0.0,1.283457656867047,0.5030106185267781,-0.21519454881232886,-0.0
238,1.2370454384348195,0.4848208180484495,-0.17544163535630136,-0.0,2.140502354788069,0.8389021699930581,-0.17544163535630136,-0.0,1.071569703622393,0.4199678396320419,-0.17544163535630136,-0.0,3.1113080916803857,1.2193787611535052,-0.17544163535630136,-0.0,1.6325581395348838,0.6398295067660618,-0.17544163535630136,-0.0
239,1.1292266250797476,0.4425646456656811,-0.17709609628733364,-0.0,2.140502354788069,0.8389021699930581,-0.17709609628733364,-0.0,1.0636663007683862,0.41687035095620617,-0.17709609628733364,-0.0,3.1341015575535014,1.2283119388908934,-0.17709609628733364,-0.0,1.5519964896884597,0.6082559171723808,-0.17709609628733364,-0.0
240,1.1292266250797476,0.4425646456656811,-0.19652932560657202,-0.0,1.857927786499215,0.7281560089378689,-0.19652932560657202,-0.0,1.4529088913282107,0.569421668241109,-0.19652932560657202,-0.0,1.0188679245283019,0.3993130448612577,-0.19652932560657202,-0.0,4.661518209741114,1.8269345664892578,-0.19652932560657202,-0.0
241,1.1292266250797476,0.4425646456656811,-0.17041329682226325,-0.0,1.434065934065934,0.5620367673550852,-0.17041329682226325,-0.0,1.712403951701427,0.6711225464310441,-0.17041329682226325,-0.0,0.4125617323034064,0.16169051704672852,-0.17041329682226325,-0.0,8.22676612549364,3.224220678507644,-0.17041329682226325,-0.0
242,1.1292266250797476,0.4425646456656811,-0.09006113481500351,-0.0,1.434065934065934,0.5620367673550852,-0.09006113481500351,-0.0,5.168825466520308,2.0257575939964747,-0.09006113481500351,-0.0,0.8083132835253894,0.3167928155121331,-0.09006113481500351,-0.0,1.2163229486616938,0.4766992938653774,-0.09006113481500351,-0.0
243,1.1292266250797476,0.4425646456656811,-0.06865630771190218,-0.0,1.434065934065934,0.5620367673550852,-0.06865630771190218,-0.0,1.3205268935236003,0.5175387329208628,-0.06865630771190218,-0.0,0.383215144991769,0.15018905070984104,-0.06865630771190218,-0.0,0.6634488810881966,0.26001779665384217,-0.06865630771190218,-0.0
244,1.1292266250797476,0.4425646456656811,-0.06646309622365153,-0.0,1.434065934065934,0.5620367673550852,-0.06646309622365153,-0.0,1.5049396267837543,0.58981346869036,-0.06646309622365153,-0.0,0.383215144991769,0.15018905070984104,-0.06646309622365153,-0.0,0.6634488810881966,0.26001779665384217,-0.06646309622365153,-0.0
245,1.1292266250797476,0.4425646456656811,-0.06154174361586958,-0.0,1.3916797488226058,0.5454248431968067,-0.06154174361586958,-0.0,1.2612513721185508,0.49430756785209584,-0.06154174361586958,-0.0,0.37894137014055973,0.14851407988408075,-0.06154174361586958,-0.0,0.9951733216322948,0.39002669498076326,-0.06154174361586958,-0.0
246,1.269582476784575,0.4975726807201725,-0.04146659873909443,-0.0,1.2221350078492936,0.47897714656369333,-0.04146659873909443,-0.0,1.2612513721185508,0.49430756785209584,-0.04146659873909443,-0.0,0.36184627073572245,0.1418141965810395,-0.04146659873909443,-0.0,0.6634488810881966,0.26001779665384217,-0.04146659873909443,-0.0
247,1.8475933933508188,0.7241057705354874,-0.02186524867859645,-0.0,1.5047095761381475,0.5897233076188825,-0.02186524867859645,-0.0,1.254006586169045,0.49146820323258,-0.02186524867859645,-0.0,0.36184627073572245,0.1418141965810395,-0.02186524867859645,-0.0,1.4374725756910927,0.5633718927499914,-0.02186524867859645,-0.0
248,1.980931452470405,0.7763634038372542,-0.0020462968859453604,-0.0,1.2221350078492936,0.47897714656369333,-0.0020462968859453604,-0.0,1.75192096597146,0.6866099898102221,-0.0020462968859453604,-0.0,0.46441686716474617,0.18201349639928693,-0.0020462968859453604,-0.0,2.153839403247038,0.8441292041369377,-0.0020462968859453604,-0.0
249,1.9617920181470192,0.7688623081480054,-0.0,-0.0,1.5047095761381475,0.5897233076188825,-0.0,-0.0,1.4226125137211856,0.5575479616504059,-0.0,-0.0,6.343421552488286,2.4861033643151678,-0.0,-0.0,2.9302325581395348,1.1484119352211364,-0.0,-0.0
250,2.3267172325795706,0.9118831992896832,-0.0,-0.0,0.3602825745682888,0.14120135534536624,-0.0,-0.0,1.4785949506037321,0.5794885064375747,-0.0,-0.0,9.0,3.527265229607776,-0.0,-0.0,2.961825362000878,1.1607937350617956,-0.0,-0.0
251,2.00900262281137,0.7873650108481525,-0.0,-0.0,0.3602825745682888,0.14120135534536624,-0.0,-0.0,1.7947310647639956,0.7033880534709982,-0.0,-0.0,4.548721033303787,1.7827272822175557,-0.0,-0.0,2.5827117156647654,1.012212136973886,-0.0,-0.0
252,1.9139434323385551,0.7501095689248832,-0.0,-0.0,0.3602825745682888,0.14120135534536624,-0.0,-0.0,1.9264544456641053,0.7550128647349246,-0.0,-0.0,4.6626883626693685,1.8273931709044973,-0.0,-0.0,1.8165862220272053,0.7119534908379014,-0.0,-0.0
253,1.9139434323385551,0.7501095689248832,-0.0,-0.0,0.3602825745682888,0.14120135534536624,-0.0,-0.0,1.7947310647639956,0.7033880534709982,-0.0,-0.0,4.8524439660630625,1.901761875568255,-0.0,-0.0,1.1215445370776655,0.43955389434339986,-0.0,-0.0
254,1.7021336924930883,0.6670974432971961,-0.0,-0.0,0.3602825745682888,0.14120135534536624,-0.0,-0.0,2.078594950603732,0.8146395217447596,-0.0,-0.0,2.8007471191591744,1.0976642144815891,-0.0,-0.0,1.3663887670030717,0.5355128431085084,-0.0,-0.0
255,1.3844190827248883,0.5425792548556656,-0.0,-0.0,0.3602825745682888,0.14120135534536624,-0.0,-0.0,2.6937431394072444,1.0557273903472961,-0.0,-0.0,1.4701785488160062,0.5761899640615463,-0.0,-0.0,1.3332163229486618,0.5225119532758162,-0.0,-0.0
256,1.397178705607145,0.5475799853151646,-0.0,-0.0,0.3602825745682888,0.14120135534536624,-0.0,-0.0,3.7554335894621294,1.4718233691345437,-0.0,-0.0,1.4419716347980247,0.5651351566115284,-0.0,-0.0,1.3111013602457218,0.5138446933873548,-0.0,-0.0
257,1.244063231020061,0.4875712198011741,-0.0,-0.0,0.3602825745682888,0.14120135534536624,-0.0,-0.0,2.8221734357848516,1.1060615813296246,-0.0,-0.0,1.213752057743447,0.47569171451592784,-0.0,-0.0,1.3063624396665203,0.5119874234112559,-0.0,-0.0
258,1.1930247394910327,0.4675682979631772,-0.0,-0.0,0.3602825745682888,0.14120135534536624,-0.0,-0.0,2.17211855104281,0.8512931377421474,-0.0,-0.0,1.213752057743447,0.47569171451592784,-0.0,-0.0,1.0030715225976305,0.3931221449409281,-0.0,-0.0
259,1.3461402140781173,0.5275770634771679,-0.0,-0.0,0.3602825745682888,0.14120135534536624,-0.0,-0.0,5.419758507135016,2.124102859454254,-0.0,-0.0,1.213752057743447,0.47569171451592784,-0.0,-0.0,1.0978499341816588,0.4302675444629056,-0.0,-0.0
260,1.3844190827248883,0.5425792548556656,-0.0,-0.0,0.3602825745682888,0.14120135534536624,-0.0,-0.0,1.7071350164654224,0.6690575539804869,-0.0,-0.0,1.2422438900848425,0.48685818668766323,-0.0,-0.0,1.6112329969284773,0.6314717918736168,-0.0,-0.0
261,1.5183951229885875,0.5950869246804075,-0.0,-0.0,0.3602825745682888,0.14120135534536624,-0.0,-0.0,1.948847420417124,0.7637890826497922,-0.0,-0.0,1.2735849056603774,0.4991413060765721,-0.0,-0.0,2.053532250987275,0.8048169896428449,-0.0,-0.0
262,1.4226979513716596,0.5575814462341633,-0.0,-0.0,0.3602825745682888,0.14120135534536624,-0.0,-0.0,1.5905598243688253,0.623369596011912,-0.0,-0.0,1.1636064328225908,0.45603872349367347,-0.0,-0.0,2.3852566915313735,0.9348258879697661,-0.0,-0.0
263,1.3844190827248883,0.5425792548556656,-0.0,-0.0,0.3602825745682888,0.14120135534536624,-0.0,-0.0,2.407244785949506,0.9434434258482561,-0.0,-0.0,1.3647587691528429,0.5348740170261254,-0.0,-0.0,3.281702501096972,1.2861594584484695,-0.0,-0.0
264,1.3844190827248883,0.5425792548556656,-0.0,-0.0,0.3602825745682888,0.14120135534536624,-0.0,-0.0,4.004390779363336,1.5693942624233645,-0.0,-0.0,1.3220210206407497,0.5181243087685222,-0.0,-0.0,3.2761737604212375,1.2839926434763542,-0.0,-0.0
265,1.8539732047919473,0.7266061357652369,-0.0,-0.0,0.3602825745682888,0.14120135534536624,-0.0,-0.0,3.964873765093304,1.5539068190441867,-0.0,-0.0,1.0741420792706091,0.4209760008744243,-0.0,-0.0,2.724879333040807,1.0679302362568517,-0.0,-0.0
266,2.593393350818742,1.0163984658932166,-0.0,-0.0,0.3602825745682888,0.14120135534536624,-0.0,-0.0,3.872667398463227,1.5177694511594382,-0.0,-0.0,1.2208750158287958,0.4784833325588616,-0.0,-0.0,2.7390960947784118,1.0735020461851486,-0.0,-0.0
267,2.593393350818742,1.0163984658932166,-0.0,-0.0,0.3602825745682888,0.14120135534536624,-0.0,-0.0,3.5697036223929746,1.3990323852524074,-0.0,-0.0,1.3163226541724709,0.5158910143341753,-0.0,-0.0,2.452391399736727,0.9611372126311668,-0.0,-0.0
268,2.593393350818742,1.0163984658932166,-0.0,-0.0,0.3602825745682888,0.14120135534536624,-0.0,-0.0,3.5934138309549946,1.4083248512799142,-0.0,-0.0,1.245377991642396,0.48808649862655407,-0.0,-0.0,2.409741114523914,0.9444217828462768,-0.0,-0.0
269,2.19018926773942,0.8583753833730414,-0.0,-0.0,0.3602825745682888,0.14120135534536624,-0.0,-0.0,3.675082327113062,1.4403322342635483,-0.0,-0.0,1.5188995821197926,0.5952846314752139,-0.0,-0.0,2.812549363756034,1.1022897308146813,-0.0,-0.0
270,1.984121358190969,0.777613586452129,-0.0,-0.0,0.3602825745682888,0.14120135534536624,-0.0,-0.0,3.8917672886937424,1.5252550487927072,-0.0,-0.0,1.679593516525263,0.6582635345238015,-0.0,-0.0,2.215445370776657,0.8682737138262232,-0.0,-0.0
271,1.6013326717232579,0.6275916726671523,-0.0,-0.0,0.3602825745682888,0.14120135534536624,-0.0,-0.0,7.580021953896817,2.970749764182649,-0.0,-0.0,1.8078067620615426,0.7085126592966108,-0.0,-0.0,2.405002193944713,0.9425645128701781,-0.0,-0.0
272,1.4354575742539164,0.5625821766936624,-0.0,-0.0,0.3602825745682888,0.14120135534536624,-0.0,-0.0,3.711306256860593,1.4545290573611283,-0.0,-0.0,1.4493795112067875,0.5680384393761795,-0.0,-0.0,2.6087757788503727,1.0224271218424295,-0.0,-0.0
273,1.5885730488410008,0.6225909422076531,-0.0,-0.0,0.3602825745682888,0.14120135534536624,-0.0,-0.0,3.6816684961580677,1.4429134748267447,-0.0,-0.0,1.520039255413448,0.5957312903620833,-0.0,-0.0,2.724879333040807,1.0679302362568517,-0.0,-0.0
274,1.7608279577514707,0.6901008034108925,-0.0,-0.0,0.3602825745682888,0.14120135534536624,-0.0,-0.0,3.5400658616904495,1.3874168027180236,-0.0,-0.0,1.6055147524376348,0.6292307068772895,-0.0,-0.0,2.4602896007020627,0.9642326625913317,-0.0,-0.0
275,1.8788544694123483,0.7363575601612604,-0.0,-0.0,0.3602825745682888,0.14120135534536624,-0.0,-0.0,3.928649835345774,1.539709995946607,-0.0,-0.0,1.6055147524376348,0.6292307068772895,-0.0,-0.0,2.5550680122860907,1.001378062113309,-0.0,-0.0
276,1.1694194371588573,0.4583169466131037,-0.0,-0.0,0.3602825745682888,0.14120135534536624,-0.0,-0.0,0.17453347969264543,0.06840287492470257,-0.0,-0.0,1.5371343548182856,0.6024311736651246,-0.0,-0.0,2.397103992979377,0.9394690629100132,-0.0,-0.0
277,0.9659034521868576,0.3785552957840911,-0.0,-0.0,0.3602825745682888,0.14120135534536624,-0.0,-0.0,0.17453347969264543,0.06840287492470257,-0.0,-0.0,1.3604849943016335,0.5331990462003651,-0.0,-0.0,2.9973672663448885,1.1747232598825372,-0.0,-0.0
278,1.397178705607145,0.5475799853151646,-0.0,-0.0,0.3602825745682888,0.14120135534536624,-0.0,-0.0,0.17453347969264543,0.06840287492470257,-0.0,-0.0,1.0955109535266558,0.42935085500322595,-0.0,-0.0,3.1000438788942524,1.2149641093646795,-0.0,-0.0
279,1.7863472035159853,0.7001022643298912,-0.0,-0.0,0.3602825745682888,0.14120135534536624,-0.0,-0.0,0.17453347969264543,0.06840287492470257,-0.0,-0.0,1.232271748765354,0.48294992142755583,-0.0,-0.0,2.6735410267661255,1.0478098115157808,-0.0,-0.0
280,1.5183951229885875,0.5950869246804075,-0.0,-0.0,0.3602825745682888,0.14120135534536624,-0.0,-0.0,0.8825466520307353,0.3458862354683073,-0.0,-0.0,0.07692794732176778,0.03014947486368557,-0.0,-0.0,2.6735410267661255,1.0478098115157808,-0.0,-0.0
281,1.8635429219536401,0.7303566836098614,-0.0,-0.0,0.3602825745682888,0.14120135534536624,-0.0,-0.0,2.8281009879253567,1.1083846978365013,-0.0,-0.0,0.07692794732176778,0.03014947486368557,-0.0,-0.0,7.910048266783678,3.1000931351050354,-0.0,-0.0
282,1.5343446515914088,0.6013378377547816,-0.0,-0.0,0.3602825745682888,0.14120135534536624,-0.0,-0.0,0.823271130625686,0.32265507039954044,-0.0,-0.0,0.07692794732176778,0.03014947486368557,-0.0,-0.0,2.2391399736726636,0.8775600637067175,-0.0,-0.0
283,1.7002197490607496,0.6663473337282712,-0.0,-0.0,0.3602825745682888,0.14120135534536624,-0.0,-0.0,0.823271130625686,0.32265507039954044,-0.0,-0.0,0.07692794732176778,0.03014947486368557,-0.0,-0.0,2.397103992979377,0.9394690629100132,-0.0,-0.0
284,1.6172822003260792,0.6338425857415263,-0.0,-0.0,0.3602825745682888,0.14120135534536624,-0.0,-0.0,0.823271130625686,0.32265507039954044,-0.0,-0.0,0.31483474737241995,0.12338951749767611,-0.0,-0.0,2.2707327775340063,0.8899418635473766,-0.0,-0.0
285,1.4195080456510951,0.5563312636192884,-0.0,-0.0,0.3602825745682888,0.14120135534536624,-0.0,-0.0,0.823271130625686,0.32265507039954044,-0.0,-0.0,0.5290933265797139,0.20736138822912628,-0.0,-0.0,2.0811759543659503,0.8156510645034218,-0.0,-0.0
286,1.0112001134188702,0.3963078889153134,-0.0,-0.0,0.3602825745682888,0.14120135534536624,-0.0,-0.0,0.17453347969264543,0.06840287492470257,-0.0,-0.0,0.07692794732176778,0.03014947486368557,-0.0,-0.0,0.1263712154453708,0.04952719936263662,-0.0,-0.0
287,0.9601616218898419,0.3763049670773164,-0.0,-0.0,0.3602825745682888,0.14120135534536624,-0.0,-0.0,0.17453347969264543,0.06840287492470257,-0.0,-0.0,0.07692794732176778,0.03014947486368557,-0.0,-0.0,0.1263712154453708,0.04952719936263662,-0.0,-0.0
